MSSubClass,MSZoning,LotFrontage,LotArea,Street,LotShape,LandContour,LotConfig,LandSlope,Neighborhood,Condition1,Condition2,BldgType,HouseStyle,OverallQual,OverallCond,YearBuilt,YearRemodAdd,RoofStyle,RoofMatl,Exterior1st,Exterior2nd,MasVnrType,MasVnrArea,ExterQual,ExterCond,Foundation,BsmtQual,BsmtCond,BsmtExposure,BsmtFinType1,BsmtFinSF1,BsmtFinType2,BsmtFinSF2,BsmtUnfSF,TotalBsmtSF,Heating,HeatingQC,CentralAir,Electrical,1stFlrSF,2ndFlrSF,LowQualFinSF,GrLivArea,BsmtFullBath,BsmtHalfBath,FullBath,HalfBath,BedroomAbvGr,KitchenAbvGr,KitchenQual,TotRmsAbvGrd,Functional,Fireplaces,GarageType,GarageYrBlt,GarageFinish,GarageCars,GarageArea,GarageQual,GarageCond,PavedDrive,WoodDeckSF,OpenPorchSF,EnclosedPorch,3SsnPorch,ScreenPorch,PoolArea,MiscVal,MoSold,YrSold,SaleType,SaleCondition,SalePrice
20.0,2.0,86.0,14157.0,1.0,0.0,1.0,0.0,0.0,21.0,2.0,0.0,0.0,2.0,9.0,5.0,2005.0,2006.0,3.0,0.0,9.0,11.0,3.0,200.0,2.0,3.0,2.0,0.0,2.0,1.0,2.0,1249.0,5.0,0.0,673.0,1922.0,0.0,0.0,1.0,3.0,1922.0,0.0,0.0,1922.0,1.0,0.0,2.0,0.0,3.0,1.0,2.0,8.0,5.0,1.0,1.0,2005.0,0.0,3.0,676.0,4.0,4.0,2.0,178.0,51.0,0.0,0.0,0.0,0.0,0.0,7.0,2007.0,5.0,2.0,354058.91
120.0,2.0,66.4251012145749,5814.0,1.0,0.0,3.0,1.0,0.0,21.0,2.0,0.0,4.0,2.0,8.0,5.0,1984.0,1984.0,1.0,0.0,5.0,5.0,2.0,0.0,2.0,3.0,1.0,2.0,2.0,0.0,2.0,1036.0,5.0,0.0,184.0,1220.0,0.0,2.0,1.0,3.0,1360.0,0.0,0.0,1360.0,1.0,0.0,1.0,0.0,1.0,1.0,2.0,4.0,5.0,1.0,1.0,1984.0,1.0,2.0,565.0,4.0,4.0,2.0,63.0,0.0,0.0,0.0,0.0,0.0,0.0,8.0,2009.0,0.0,0.0,241916.99
20.0,2.0,66.4251012145749,11838.0,1.0,3.0,3.0,4.0,0.0,4.0,2.0,0.0,0.0,2.0,8.0,5.0,2001.0,2001.0,3.0,0.0,9.0,11.0,2.0,0.0,2.0,3.0,2.0,2.0,2.0,0.0,5.0,0.0,5.0,0.0,1753.0,1753.0,0.0,0.0,1.0,3.0,1788.0,0.0,0.0,1788.0,0.0,0.0,2.0,0.0,3.0,1.0,0.0,7.0,5.0,1.0,1.0,2001.0,1.0,2.0,522.0,4.0,4.0,2.0,202.0,151.0,0.0,0.0,0.0,0.0,0.0,6.0,2009.0,5.0,2.0,253929.46
70.0,2.0,75.0,12000.0,1.0,3.0,0.0,4.0,0.0,5.0,2.0,0.0,0.0,5.0,7.0,7.0,1941.0,1950.0,1.0,0.0,6.0,7.0,2.0,0.0,3.0,3.0,1.0,3.0,2.0,3.0,4.0,275.0,5.0,0.0,429.0,704.0,0.0,0.0,1.0,3.0,860.0,704.0,0.0,1564.0,0.0,0.0,1.0,1.0,3.0,1.0,1.0,7.0,5.0,1.0,1.0,1941.0,2.0,1.0,234.0,4.0,4.0,2.0,0.0,0.0,0.0,0.0,0.0,0.0,0.0,7.0,2009.0,5.0,2.0,167215.82
60.0,2.0,86.0,14598.0,1.0,0.0,3.0,1.0,0.0,20.0,1.0,0.0,0.0,5.0,6.0,5.0,2007.0,2007.0,1.0,0.0,9.0,11.0,3.0,74.0,2.0,3.0,2.0,2.0,2.0,2.0,5.0,0.0,5.0,0.0,894.0,894.0,0.0,0.0,1.0,3.0,894.0,1039.0,0.0,1933.0,0.0,0.0,2.0,1.0,4.0,1.0,2.0,9.0,5.0,1.0,3.0,2007.0,0.0,3.0,668.0,4.0,4.0,2.0,100.0,18.0,0.0,0.0,0.0,0.0,0.0,1.0,2008.0,5.0,2.0,226518.3
180.0,3.0,21.0,1936.0,1.0,3.0,3.0,4.0,0.0,9.0,2.0,0.0,3.0,6.0,4.0,6.0,1970.0,1970.0,1.0,0.0,4.0,4.0,2.0,0.0,3.0,3.0,1.0,2.0,2.0,0.0,1.0,131.0,2.0,499.0,0.0,630.0,0.0,2.0,1.0,3.0,630.0,0.0,0.0,630.0,1.0,0.0,1.0,0.0,1.0,1.0,3.0,3.0,5.0,0.0,1.0,1979.76,2.0,0.0,0.0,4.0,4.0,2.0,0.0,0.0,0.0,0.0,0.0,0.0,0.0,12.0,2007.0,5.0,2.0,81498.0
180.0,3.0,35.0,3675.0,1.0,3.0,3.0,4.0,0.0,6.0,2.0,0.0,4.0,7.0,5.0,5.0,2005.0,2005.0,1.0,0.0,9.0,11.0,1.0,80.0,3.0,3.0,2.0,2.0,2.0,1.0,2.0,547.0,5.0,0.0,0.0,547.0,0.0,2.0,1.0,3.0,1072.0,0.0,0.0,1072.0,1.0,0.0,1.0,0.0,2.0,1.0,3.0,5.0,5.0,0.0,2.0,2005.0,0.0,2.0,525.0,4.0,4.0,2.0,0.0,28.0,0.0,0.0,0.0,0.0,0.0,5.0,2006.0,5.0,2.0,142504.75
20.0,2.0,107.0,13891.0,1.0,3.0,3.0,4.0,0.0,15.0,2.0,0.0,0.0,2.0,8.0,5.0,2007.0,2008.0,3.0,0.0,9.0,11.0,3.0,436.0,2.0,3.0,2.0,0.0,2.0,1.0,2.0,1400.0,5.0,0.0,310.0,1710.0,0.0,0.0,1.0,3.0,1710.0,0.0,0.0,1710.0,1.0,0.0,2.0,0.0,2.0,1.0,2.0,6.0,5.0,1.0,1.0,2007.0,1.0,3.0,866.0,4.0,4.0,2.0,0.0,102.0,0.0,0.0,0.0,0.0,0.0,1.0,2008.0,4.0,3.0,359559.65
80.0,2.0,66.4251012145749,12800.0,1.0,3.0,2.0,4.0,1.0,19.0,2.0,0.0,0.0,7.0,7.0,5.0,1989.0,1989.0,1.0,0.0,10.0,12.0,1.0,145.0,2.0,3.0,2.0,2.0,2.0,1.0,2.0,1518.0,5.0,0.0,0.0,1518.0,0.0,2.0,1.0,3.0,1644.0,0.0,0.0,1644.0,1.0,1.0,2.0,0.0,2.0,1.0,2.0,5.0,5.0,1.0,1.0,1989.0,0.0,2.0,569.0,4.0,4.0,2.0,80.0,0.0,0.0,0.0,396.0,0.0,0.0,8.0,2009.0,5.0,2.0,249021.69
120.0,3.0,32.0,4500.0,1.0,3.0,3.0,2.0,0.0,10.0,2.0,0.0,4.0,2.0,6.0,5.0,1998.0,1998.0,3.0,0.0,9.0,11.0,1.0,320.0,3.0,3.0,2.0,0.0,2.0,3.0,2.0,866.0,5.0,0.0,338.0,1204.0,0.0,0.0,1.0,3.0,1204.0,0.0,0.0,1204.0,1.0,0.0,2.0,0.0,2.0,1.0,3.0,5.0,5.0,0.0,1.0,1998.0,0.0,2.0,412.0,4.0,4.0,2.0,0.0,247.0,0.0,0.0,0.0,0.0,0.0,6.0,2009.0,5.0,2.0,162963.54
30.0,3.0,60.0,6324.0,1.0,0.0,3.0,4.0,0.0,2.0,1.0,1.0,0.0,2.0,4.0,6.0,1927.0,1950.0,1.0,0.0,6.0,7.0,2.0,0.0,3.0,3.0,0.0,3.0,2.0,3.0,5.0,0.0,5.0,0.0,520.0,520.0,0.0,1.0,0.0,3.0,520.0,0.0,0.0,520.0,0.0,0.0,1.0,0.0,1.0,1.0,1.0,4.0,5.0,0.0,5.0,1920.0,2.0,1.0,240.0,1.0,4.0,2.0,49.0,0.0,87.0,0.0,0.0,0.0,0.0,5.0,2008.0,5.0,2.0,77738.08
20.0,2.0,66.4251012145749,9503.0,1.0,3.0,3.0,4.0,0.0,11.0,2.0,0.0,0.0,2.0,5.0,5.0,1958.0,1983.0,3.0,0.0,5.0,5.0,2.0,0.0,3.0,3.0,1.0,3.0,2.0,3.0,0.0,457.0,4.0,374.0,193.0,1024.0,0.0,3.0,1.0,3.0,1344.0,0.0,0.0,1344.0,1.0,0.0,1.0,0.0,2.0,1.0,3.0,6.0,2.0,1.0,5.0,1970.0,2.0,1.0,484.0,4.0,4.0,2.0,316.0,28.0,0.0,0.0,0.0,0.0,0.0,6.0,2007.0,5.0,2.0,152684.49
20.0,2.0,100.0,21750.0,1.0,3.0,1.0,4.0,1.0,10.0,0.0,0.0,0.0,2.0,5.0,5.0,1954.0,1954.0,3.0,0.0,5.0,5.0,2.0,0.0,3.0,3.0,1.0,3.0,2.0,3.0,5.0,0.0,5.0,0.0,988.0,988.0,0.0,0.0,1.0,0.0,988.0,0.0,0.0,988.0,0.0,0.0,1.0,0.0,2.0,1.0,3.0,4.0,5.0,0.0,1.0,1954.0,1.0,2.0,520.0,4.0,4.0,0.0,0.0,0.0,0.0,0.0,0.0,0.0,0.0,2.0,2008.0,5.0,2.0,130271.18
20.0,2.0,50.0,35133.0,0.0,3.0,3.0,4.0,1.0,22.0,2.0,0.0,0.0,2.0,5.0,4.0,1963.0,1963.0,3.0,0.0,6.0,7.0,1.0,226.0,3.0,3.0,1.0,3.0,2.0,1.0,4.0,1159.0,5.0,0.0,413.0,1572.0,0.0,2.0,1.0,3.0,1572.0,0.0,0.0,1572.0,1.0,0.0,1.0,1.0,3.0,1.0,3.0,5.0,5.0,2.0,0.0,1963.0,1.0,3.0,995.0,4.0,4.0,2.0,0.0,263.0,0.0,0.0,263.0,0.0,0.0,5.0,2007.0,5.0,2.0,174292.0
20.0,2.0,110.0,14226.0,1.0,3.0,3.0,0.0,0.0,15.0,2.0,0.0,0.0,2.0,8.0,5.0,2006.0,2006.0,3.0,0.0,9.0,11.0,1.0,375.0,2.0,3.0,2.0,2.0,2.0,0.0,5.0,0.0,5.0,0.0,1935.0,1935.0,0.0,2.0,1.0,3.0,1973.0,0.0,0.0,1973.0,0.0,0.0,2.0,0.0,3.0,1.0,2.0,9.0,5.0,1.0,1.0,2006.0,0.0,3.0,895.0,4.0,4.0,2.0,315.0,45.0,0.0,0.0,0.0,0.0,0.0,7.0,2007.0,4.0,3.0,277916.39
50.0,2.0,50.0,8405.0,1.0,3.0,3.0,4.0,0.0,6.0,2.0,0.0,0.0,0.0,5.0,8.0,1900.0,1950.0,1.0,0.0,6.0,7.0,2.0,0.0,3.0,3.0,0.0,3.0,1.0,3.0,4.0,241.0,1.0,391.0,229.0,861.0,0.0,0.0,1.0,3.0,961.0,406.0,0.0,1367.0,1.0,0.0,1.0,0.0,4.0,1.0,3.0,7.0,5.0,0.0,5.0,1978.0,2.0,1.0,384.0,4.0,4.0,2.0,0.0,130.0,112.0,0.0,0.0,0.0,0.0,4.0,2008.0,5.0,2.0,127465.92
20.0,2.0,66.4251012145749,8780.0,1.0,0.0,3.0,0.0,0.0,10.0,2.0,0.0,0.0,2.0,5.0,5.0,1985.0,1985.0,1.0,0.0,5.0,8.0,2.0,0.0,3.0,3.0,1.0,3.0,2.0,3.0,0.0,625.0,5.0,0.0,208.0,833.0,0.0,0.0,1.0,3.0,833.0,0.0,0.0,833.0,1.0,0.0,1.0,0.0,3.0,1.0,3.0,5.0,5.0,0.0,1.0,1979.76,2.0,0.0,0.0,4.0,4.0,2.0,0.0,0.0,0.0,0.0,0.0,0.0,0.0,3.0,2009.0,5.0,2.0,113224.34
20.0,2.0,70.0,9100.0,1.0,3.0,3.0,0.0,0.0,11.0,1.0,0.0,0.0,2.0,5.0,5.0,1958.0,1958.0,1.0,0.0,9.0,11.0,2.0,0.0,3.0,3.0,1.0,3.0,2.0,3.0,1.0,521.0,3.0,174.0,169.0,864.0,0.0,3.0,1.0,3.0,864.0,0.0,0.0,864.0,1.0,0.0,1.0,0.0,3.0,1.0,3.0,5.0,5.0,0.0,5.0,1964.0,2.0,2.0,624.0,4.0,4.0,2.0,0.0,0.0,0.0,0.0,0.0,0.0,0.0,7.0,2006.0,5.0,2.0,126209.43
160.0,1.0,35.0,3735.0,1.0,3.0,3.0,3.0,0.0,20.0,2.0,0.0,4.0,5.0,7.0,5.0,1999.0,1999.0,3.0,0.0,6.0,7.0,1.0,218.0,2.0,3.0,2.0,2.0,2.0,3.0,2.0,450.0,5.0,0.0,241.0,691.0,0.0,0.0,1.0,3.0,713.0,739.0,0.0,1452.0,1.0,0.0,2.0,1.0,3.0,1.0,2.0,6.0,5.0,0.0,5.0,1999.0,2.0,2.0,506.0,4.0,4.0,2.0,0.0,34.0,0.0,0.0,0.0,0.0,0.0,3.0,2006.0,5.0,2.0,170355.32
160.0,2.0,44.0,5306.0,1.0,0.0,3.0,4.0,0.0,21.0,2.0,0.0,4.0,5.0,7.0,7.0,1987.0,1987.0,1.0,0.0,5.0,5.0,2.0,0.0,2.0,2.0,2.0,2.0,1.0,3.0,2.0,495.0,4.0,215.0,354.0,1064.0,0.0,2.0,1.0,3.0,1064.0,703.0,0.0,1767.0,1.0,0.0,2.0,0.0,2.0,1.0,2.0,5.0,5.0,1.0,1.0,1987.0,1.0,2.0,504.0,2.0,4.0,2.0,441.0,35.0,0.0,0.0,0.0,0.0,0.0,6.0,2006.0,5.0,2.0,203661.83
70.0,3.0,50.0,9000.0,1.0,3.0,3.0,4.0,0.0,16.0,0.0,0.0,0.0,5.0,7.0,9.0,1920.0,1988.0,3.0,0.0,9.0,11.0,2.0,0.0,3.0,2.0,2.0,3.0,2.0,3.0,0.0,624.0,5.0,0.0,26.0,650.0,0.0,0.0,1.0,3.0,832.0,650.0,0.0,1482.0,0.0,1.0,1.0,0.0,3.0,1.0,3.0,7.0,5.0,0.0,5.0,1930.0,2.0,2.0,324.0,4.0,4.0,2.0,0.0,0.0,0.0,0.0,0.0,0.0,0.0,7.0,2009.0,5.0,2.0,158804.69
20.0,2.0,71.0,8197.0,1.0,3.0,3.0,4.0,0.0,18.0,2.0,0.0,0.0,2.0,6.0,5.0,1977.0,1977.0,1.0,0.0,7.0,8.0,1.0,148.0,3.0,3.0,1.0,3.0,2.0,3.0,5.0,0.0,5.0,0.0,660.0,660.0,0.0,0.0,1.0,3.0,1285.0,0.0,0.0,1285.0,0.0,0.0,1.0,1.0,3.0,1.0,3.0,7.0,5.0,1.0,1.0,1977.0,1.0,2.0,528.0,4.0,4.0,2.0,138.0,0.0,0.0,0.0,0.0,0.0,0.0,4.0,2007.0,5.0,2.0,155629.0
20.0,2.0,66.4251012145749,10355.0,1.0,0.0,3.0,0.0,0.0,11.0,2.0,0.0,0.0,2.0,5.0,5.0,1967.0,1967.0,1.0,0.0,6.0,7.0,1.0,196.0,3.0,3.0,1.0,3.0,2.0,3.0,1.0,695.0,5.0,0.0,519.0,1214.0,0.0,3.0,1.0,3.0,1214.0,0.0,0.0,1214.0,0.0,0.0,2.0,0.0,3.0,1.0,3.0,5.0,5.0,1.0,1.0,1967.0,1.0,1.0,318.0,4.0,4.0,2.0,0.0,111.0,0.0,0.0,0.0,0.0,0.0,7.0,2007.0,5.0,2.0,152576.5
190.0,3.0,70.0,5600.0,1.0,3.0,3.0,4.0,0.0,8.0,2.0,0.0,1.0,5.0,4.0,5.0,1930.0,1950.0,3.0,0.0,9.0,13.0,2.0,0.0,1.0,1.0,3.0,3.0,2.0,3.0,2.0,0.0,5.0,0.0,0.0,0.0,0.0,1.0,0.0,3.0,372.0,720.0,0.0,1092.0,0.0,0.0,2.0,0.0,3.0,2.0,1.0,7.0,4.0,0.0,1.0,1979.76,2.0,0.0,0.0,4.0,4.0,0.0,0.0,0.0,0.0,0.0,0.0,0.0,3500.0,7.0,2010.0,5.0,2.0,106864.25
30.0,2.0,52.0,6292.0,1.0,3.0,0.0,4.0,0.0,17.0,2.0,0.0,0.0,2.0,6.0,5.0,1930.0,1950.0,1.0,0.0,10.0,12.0,2.0,0.0,3.0,3.0,0.0,2.0,2.0,2.0,4.0,384.0,5.0,0.0,384.0,768.0,0.0,3.0,0.0,3.0,790.0,0.0,0.0,790.0,0.0,0.0,1.0,0.0,2.0,1.0,3.0,4.0,5.0,0.0,5.0,1925.0,2.0,1.0,160.0,1.0,4.0,2.0,0.0,141.0,0.0,0.0,0.0,0.0,0.0,4.0,2008.0,5.0,2.0,97952.36
20.0,2.0,37.0,6951.0,1.0,0.0,3.0,1.0,0.0,10.0,2.0,0.0,0.0,2.0,5.0,5.0,1984.0,1985.0,1.0,0.0,5.0,8.0,2.0,0.0,3.0,3.0,1.0,3.0,2.0,3.0,0.0,658.0,5.0,0.0,218.0,876.0,0.0,3.0,1.0,3.0,923.0,0.0,0.0,923.0,1.0,0.0,1.0,0.0,3.0,1.0,3.0,5.0,5.0,0.0,1.0,1984.0,2.0,1.0,264.0,4.0,4.0,2.0,362.0,0.0,0.0,0.0,0.0,0.0,0.0,10.0,2008.0,5.0,2.0,127341.85
60.0,2.0,62.0,7917.0,1.0,3.0,3.0,4.0,0.0,7.0,2.0,0.0,0.0,5.0,6.0,5.0,1999.0,2000.0,1.0,0.0,9.0,11.0,2.0,0.0,3.0,3.0,2.0,2.0,2.0,3.0,5.0,0.0,5.0,0.0,953.0,953.0,0.0,0.0,1.0,3.0,953.0,694.0,0.0,1647.0,0.0,0.0,2.0,1.0,3.0,1.0,3.0,7.0,5.0,1.0,1.0,1999.0,1.0,2.0,460.0,4.0,4.0,2.0,0.0,40.0,0.0,0.0,0.0,0.0,0.0,8.0,2007.0,5.0,2.0,182846.85
20.0,2.0,78.0,7800.0,1.0,3.0,3.0,4.0,0.0,11.0,2.0,0.0,0.0,2.0,5.0,6.0,1954.0,1954.0,1.0,0.0,5.0,5.0,1.0,200.0,3.0,3.0,2.0,3.0,2.0,3.0,3.0,540.0,5.0,0.0,728.0,1268.0,0.0,2.0,1.0,3.0,1268.0,0.0,0.0,1268.0,0.0,0.0,1.0,0.0,2.0,1.0,3.0,7.0,5.0,1.0,1.0,1954.0,0.0,1.0,244.0,4.0,4.0,2.0,0.0,98.0,0.0,0.0,0.0,0.0,0.0,3.0,2010.0,5.0,2.0,150908.34
60.0,2.0,90.0,11700.0,1.0,3.0,3.0,0.0,0.0,13.0,2.0,0.0,0.0,5.0,6.0,6.0,1968.0,1968.0,1.0,0.0,5.0,5.0,1.0,420.0,3.0,3.0,1.0,3.0,2.0,3.0,0.0,404.0,5.0,0.0,304.0,708.0,0.0,2.0,1.0,3.0,708.0,708.0,0.0,1416.0,0.0,0.0,2.0,1.0,3.0,1.0,3.0,7.0,5.0,1.0,1.0,1968.0,1.0,2.0,776.0,4.0,4.0,2.0,0.0,169.0,0.0,0.0,119.0,0.0,0.0,5.0,2006.0,5.0,2.0,176062.35
30.0,3.0,60.0,9786.0,1.0,3.0,3.0,4.0,0.0,8.0,2.0,0.0,0.0,2.0,3.0,4.0,1922.0,1950.0,3.0,0.0,10.0,12.0,2.0,0.0,3.0,3.0,0.0,3.0,0.0,3.0,5.0,0.0,5.0,0.0,1007.0,1007.0,0.0,1.0,0.0,3.0,1077.0,0.0,0.0,1077.0,0.0,0.0,1.0,0.0,3.0,1.0,3.0,6.0,5.0,1.0,5.0,1922.0,2.0,1.0,210.0,4.0,1.0,1.0,0.0,100.0,48.0,0.0,0.0,0.0,0.0,5.0,2006.0,5.0,2.0,97271.0
90.0,3.0,68.0,8930.0,1.0,3.0,3.0,4.0,0.0,18.0,5.0,0.0,2.0,0.0,6.0,5.0,1978.0,1978.0,1.0,0.0,9.0,11.0,2.0,0.0,3.0,3.0,3.0,3.0,2.0,3.0,2.0,0.0,5.0,0.0,0.0,0.0,0.0,3.0,1.0,3.0,1318.0,584.0,0.0,1902.0,0.0,0.0,2.0,0.0,4.0,2.0,3.0,8.0,5.0,0.0,1.0,1978.0,2.0,2.0,539.0,4.0,4.0,2.0,0.0,0.0,0.0,0.0,0.0,0.0,0.0,4.0,2010.0,5.0,2.0,145019.32
20.0,2.0,67.0,10083.0,1.0,3.0,3.0,4.0,0.0,19.0,2.0,0.0,0.0,2.0,7.0,5.0,2003.0,2003.0,1.0,0.0,9.0,11.0,2.0,109.17182130584193,2.0,3.0,2.0,2.0,2.0,3.0,2.0,833.0,5.0,0.0,343.0,1176.0,0.0,0.0,1.0,3.0,1200.0,0.0,0.0,1200.0,1.0,0.0,2.0,0.0,2.0,1.0,2.0,5.0,5.0,0.0,1.0,2003.0,1.0,2.0,555.0,4.0,4.0,2.0,0.0,41.0,0.0,0.0,0.0,0.0,0.0,8.0,2009.0,5.0,2.0,198728.52
20.0,2.0,70.0,9100.0,1.0,3.0,3.0,4.0,0.0,4.0,2.0,0.0,0.0,2.0,7.0,5.0,2004.0,2005.0,3.0,0.0,9.0,11.0,2.0,0.0,2.0,3.0,2.0,2.0,2.0,3.0,2.0,24.0,5.0,0.0,1836.0,1860.0,0.0,0.0,1.0,3.0,1836.0,0.0,0.0,1836.0,0.0,0.0,2.0,0.0,3.0,1.0,2.0,8.0,5.0,1.0,1.0,2004.0,0.0,2.0,484.0,4.0,4.0,2.0,120.0,33.0,0.0,0.0,0.0,0.0,0.0,10.0,2006.0,5.0,2.0,229062.75
20.0,2.0,80.0,11900.0,1.0,0.0,3.0,0.0,0.0,11.0,2.0,0.0,0.0,2.0,6.0,5.0,1957.0,1957.0,1.0,0.0,5.0,5.0,1.0,387.0,3.0,3.0,1.0,3.0,2.0,3.0,4.0,1040.0,5.0,0.0,352.0,1392.0,0.0,3.0,1.0,0.0,1392.0,0.0,0.0,1392.0,1.0,0.0,1.0,1.0,3.0,1.0,3.0,6.0,5.0,2.0,1.0,1957.0,1.0,2.0,458.0,4.0,4.0,2.0,0.0,0.0,0.0,0.0,192.0,0.0,0.0,6.0,2008.0,5.0,2.0,161579.5
30.0,2.0,52.0,9022.0,1.0,3.0,3.0,4.0,0.0,16.0,2.0,0.0,0.0,2.0,5.0,8.0,1924.0,2006.0,1.0,0.0,9.0,11.0,2.0,0.0,2.0,3.0,0.0,3.0,2.0,3.0,5.0,0.0,5.0,0.0,768.0,768.0,0.0,0.0,1.0,3.0,792.0,0.0,0.0,792.0,0.0,0.0,1.0,0.0,2.0,1.0,2.0,5.0,5.0,0.0,5.0,1924.0,2.0,1.0,240.0,1.0,1.0,0.0,316.0,0.0,120.0,0.0,0.0,0.0,0.0,5.0,2009.0,5.0,2.0,116102.84
80.0,2.0,76.0,9967.0,1.0,0.0,3.0,4.0,0.0,7.0,2.0,0.0,0.0,7.0,7.0,5.0,2000.0,2000.0,1.0,0.0,9.0,11.0,2.0,0.0,3.0,3.0,2.0,2.0,2.0,3.0,5.0,0.0,5.0,0.0,384.0,384.0,0.0,0.0,1.0,3.0,774.0,656.0,0.0,1430.0,0.0,0.0,2.0,1.0,3.0,1.0,3.0,8.0,5.0,1.0,3.0,2000.0,1.0,2.0,400.0,4.0,4.0,2.0,100.0,0.0,0.0,0.0,0.0,0.0,0.0,12.0,2007.0,5.0,2.0,177151.37
60.0,2.0,70.0,8462.0,1.0,0.0,3.0,4.0,0.0,19.0,2.0,0.0,0.0,5.0,6.0,5.0,1994.0,1994.0,1.0,0.0,5.0,5.0,1.0,105.0,2.0,2.0,2.0,2.0,1.0,3.0,2.0,814.0,5.0,0.0,114.0,928.0,0.0,0.0,1.0,3.0,936.0,785.0,0.0,1721.0,0.0,1.0,2.0,1.0,3.0,1.0,2.0,7.0,5.0,0.0,1.0,1994.0,1.0,2.0,471.0,4.0,4.0,2.0,300.0,87.0,0.0,0.0,0.0,0.0,0.0,7.0,2007.0,5.0,2.0,196120.65
160.0,3.0,21.0,1680.0,1.0,3.0,3.0,4.0,0.0,1.0,2.0,0.0,3.0,5.0,5.0,7.0,1972.0,1972.0,1.0,0.0,4.0,4.0,1.0,268.0,3.0,3.0,1.0,3.0,2.0,3.0,0.0,231.0,5.0,0.0,399.0,630.0,0.0,3.0,1.0,3.0,630.0,672.0,0.0,1302.0,0.0,0.0,2.0,1.0,3.0,1.0,3.0,6.0,5.0,0.0,5.0,1972.0,2.0,1.0,264.0,4.0,4.0,2.0,185.0,0.0,0.0,0.0,0.0,0.0,0.0,2.0,2009.0,5.0,2.0,119486.87
60.0,2.0,66.4251012145749,12936.0,1.0,0.0,3.0,1.0,0.0,13.0,2.0,0.0,0.0,5.0,6.0,6.0,1972.0,1972.0,1.0,0.0,5.0,8.0,2.0,0.0,3.0,3.0,1.0,3.0,1.0,3.0,1.0,593.0,5.0,0.0,130.0,723.0,0.0,3.0,1.0,3.0,735.0,660.0,0.0,1395.0,0.0,1.0,1.0,1.0,3.0,1.0,3.0,6.0,5.0,1.0,1.0,1972.0,2.0,2.0,497.0,4.0,4.0,2.0,294.0,116.0,0.0,0.0,0.0,0.0,0.0,12.0,2009.0,5.0,2.0,162090.0
160.0,2.0,24.0,2289.0,1.0,3.0,3.0,4.0,0.0,12.0,2.0,0.0,3.0,5.0,6.0,6.0,1978.0,1978.0,1.0,0.0,7.0,1.0,2.0,0.0,3.0,3.0,1.0,3.0,2.0,3.0,0.0,311.0,5.0,0.0,544.0,855.0,0.0,3.0,1.0,3.0,855.0,586.0,0.0,1441.0,0.0,0.0,2.0,1.0,3.0,1.0,3.0,7.0,5.0,1.0,1.0,1978.0,2.0,2.0,440.0,4.0,4.0,2.0,28.0,0.0,0.0,0.0,0.0,0.0,0.0,4.0,2009.0,5.0,2.0,151418.0
20.0,3.0,50.0,6000.0,1.0,3.0,3.0,4.0,0.0,16.0,2.0,0.0,0.0,2.0,5.0,5.0,1948.0,1950.0,1.0,0.0,9.0,11.0,2.0,0.0,3.0,3.0,1.0,3.0,2.0,3.0,0.0,104.0,1.0,169.0,516.0,789.0,0.0,0.0,1.0,3.0,789.0,0.0,0.0,789.0,0.0,0.0,1.0,0.0,2.0,1.0,3.0,5.0,5.0,0.0,5.0,1948.0,2.0,1.0,250.0,4.0,4.0,2.0,0.0,0.0,0.0,0.0,0.0,0.0,0.0,4.0,2008.0,5.0,3.0,110114.48
60.0,2.0,80.0,9200.0,1.0,3.0,3.0,4.0,0.0,14.0,2.0,0.0,0.0,5.0,8.0,5.0,1998.0,1998.0,1.0,0.0,9.0,11.0,1.0,473.0,2.0,3.0,2.0,2.0,2.0,3.0,2.0,986.0,5.0,0.0,484.0,1470.0,0.0,2.0,1.0,3.0,1470.0,1160.0,0.0,2630.0,1.0,0.0,2.0,1.0,4.0,1.0,2.0,8.0,5.0,1.0,1.0,1998.0,0.0,3.0,696.0,4.0,4.0,2.0,0.0,66.0,0.0,0.0,0.0,0.0,0.0,6.0,2008.0,5.0,2.0,336653.31
60.0,2.0,66.4251012145749,12394.0,1.0,0.0,3.0,0.0,0.0,7.0,2.0,0.0,0.0,5.0,7.0,5.0,2003.0,2003.0,1.0,0.0,9.0,11.0,2.0,0.0,2.0,3.0,2.0,2.0,2.0,1.0,5.0,0.0,5.0,0.0,847.0,847.0,0.0,0.0,1.0,3.0,847.0,886.0,0.0,1733.0,0.0,0.0,2.0,1.0,3.0,1.0,2.0,7.0,5.0,1.0,3.0,2003.0,0.0,2.0,433.0,4.0,4.0,2.0,100.0,48.0,0.0,0.0,0.0,0.0,0.0,10.0,2007.0,5.0,1.0,198051.95
20.0,1.0,62.0,7500.0,1.0,3.0,3.0,4.0,0.0,20.0,2.0,0.0,0.0,2.0,7.0,5.0,2004.0,2005.0,1.0,0.0,9.0,11.0,2.0,0.0,2.0,3.0,2.0,2.0,2.0,3.0,2.0,410.0,5.0,0.0,811.0,1221.0,0.0,0.0,1.0,3.0,1221.0,0.0,0.0,1221.0,1.0,0.0,2.0,0.0,2.0,1.0,2.0,6.0,5.0,0.0,1.0,2004.0,1.0,2.0,400.0,4.0,4.0,2.0,0.0,113.0,0.0,0.0,0.0,0.0,0.0,10.0,2009.0,5.0,2.0,189262.87
85.0,2.0,57.0,8846.0,1.0,0.0,3.0,1.0,0.0,4.0,2.0,0.0,0.0,6.0,5.0,5.0,1996.0,1996.0,1.0,0.0,9.0,11.0,2.0,0.0,2.0,3.0,2.0,2.0,2.0,0.0,2.0,298.0,5.0,0.0,572.0,870.0,0.0,0.0,1.0,3.0,914.0,0.0,0.0,914.0,0.0,0.0,1.0,0.0,2.0,1.0,3.0,5.0,5.0,0.0,5.0,1998.0,2.0,2.0,576.0,4.0,4.0,2.0,0.0,0.0,0.0,0.0,0.0,0.0,0.0,7.0,2006.0,5.0,2.0,138511.28
50.0,3.0,52.0,6240.0,1.0,3.0,3.0,4.0,0.0,2.0,2.0,0.0,0.0,0.0,6.0,6.0,1931.0,1950.0,1.0,0.0,10.0,12.0,2.0,0.0,3.0,3.0,0.0,3.0,0.0,3.0,3.0,425.0,5.0,0.0,459.0,884.0,0.0,3.0,1.0,0.0,959.0,408.0,0.0,1367.0,0.0,0.0,1.0,0.0,3.0,1.0,3.0,6.0,5.0,1.0,5.0,1978.0,2.0,1.0,560.0,4.0,4.0,2.0,0.0,0.0,0.0,0.0,120.0,0.0,0.0,11.0,2007.0,5.0,2.0,126676.5
20.0,2.0,70.0,7560.0,1.0,3.0,3.0,4.0,0.0,11.0,2.0,0.0,0.0,2.0,5.0,5.0,1959.0,1959.0,1.0,0.0,2.0,12.0,2.0,0.0,3.0,3.0,1.0,3.0,2.0,3.0,3.0,369.0,5.0,0.0,671.0,1040.0,0.0,3.0,1.0,0.0,1040.0,0.0,0.0,1040.0,0.0,0.0,1.0,0.0,3.0,1.0,3.0,6.0,5.0,0.0,1.0,1959.0,1.0,1.0,286.0,4.0,4.0,2.0,140.0,0.0,252.0,0.0,0.0,0.0,0.0,7.0,2006.0,5.0,2.0,128211.64
30.0,3.0,30.0,5232.0,1.0,2.0,0.0,4.0,0.0,16.0,0.0,0.0,0.0,2.0,5.0,5.0,1925.0,2004.0,1.0,0.0,10.0,12.0,2.0,0.0,3.0,3.0,0.0,1.0,2.0,3.0,5.0,0.0,5.0,0.0,680.0,680.0,0.0,2.0,0.0,2.0,764.0,0.0,0.0,764.0,0.0,0.0,1.0,0.0,2.0,1.0,3.0,4.0,5.0,0.0,5.0,1965.0,2.0,2.0,504.0,4.0,4.0,0.0,0.0,0.0,0.0,0.0,0.0,0.0,0.0,6.0,2008.0,5.0,2.0,90698.11
120.0,2.0,34.0,5001.0,1.0,0.0,3.0,4.0,0.0,15.0,2.0,0.0,3.0,2.0,7.0,5.0,2007.0,2008.0,1.0,0.0,9.0,11.0,3.0,166.0,2.0,3.0,2.0,2.0,2.0,3.0,2.0,904.0,5.0,0.0,410.0,1314.0,0.0,0.0,1.0,3.0,1314.0,0.0,0.0,1314.0,1.0,0.0,2.0,0.0,2.0,1.0,2.0,6.0,5.0,1.0,1.0,2008.0,1.0,2.0,626.0,4.0,4.0,2.0,172.0,62.0,0.0,0.0,0.0,0.0,0.0,7.0,2009.0,5.0,2.0,213210.64
20.0,2.0,86.0,13286.0,1.0,0.0,3.0,4.0,0.0,6.0,2.0,0.0,0.0,2.0,9.0,5.0,2007.0,2008.0,3.0,0.0,4.0,4.0,3.0,340.0,0.0,3.0,2.0,0.0,2.0,3.0,2.0,1234.0,5.0,0.0,464.0,1698.0,0.0,0.0,1.0,3.0,1698.0,0.0,0.0,1698.0,1.0,0.0,2.0,0.0,3.0,1.0,0.0,8.0,5.0,1.0,1.0,2007.0,0.0,3.0,768.0,4.0,4.0,2.0,327.0,64.0,0.0,0.0,0.0,0.0,0.0,2.0,2009.0,5.0,2.0,360644.13
50.0,2.0,60.0,10998.0,1.0,3.0,3.0,4.0,0.0,6.0,2.0,0.0,0.0,0.0,5.0,5.0,1941.0,1960.0,1.0,0.0,10.0,12.0,2.0,0.0,3.0,3.0,1.0,3.0,2.0,3.0,3.0,408.0,1.0,420.0,156.0,984.0,0.0,0.0,1.0,3.0,984.0,620.0,0.0,1604.0,0.0,0.0,2.0,0.0,3.0,1.0,3.0,6.0,3.0,0.0,5.0,1977.0,2.0,2.0,660.0,4.0,4.0,2.0,0.0,68.0,0.0,0.0,0.0,0.0,0.0,7.0,2009.0,5.0,2.0,143311.73
20.0,2.0,66.4251012145749,9819.0,1.0,0.0,3.0,4.0,1.0,10.0,2.0,0.0,0.0,2.0,6.0,5.0,1977.0,1977.0,1.0,0.0,7.0,6.0,2.0,0.0,3.0,3.0,2.0,3.0,2.0,1.0,0.0,1567.0,5.0,0.0,0.0,1567.0,0.0,3.0,1.0,3.0,1567.0,0.0,0.0,1567.0,1.0,0.0,2.0,0.0,2.0,1.0,2.0,5.0,5.0,2.0,1.0,1977.0,1.0,2.0,714.0,4.0,4.0,2.0,264.0,32.0,0.0,0.0,0.0,0.0,0.0,5.0,2009.0,5.0,2.0,199936.0
50.0,3.0,50.0,6060.0,1.0,3.0,3.0,4.0,0.0,8.0,2.0,0.0,0.0,0.0,4.0,5.0,1939.0,1950.0,1.0,0.0,0.0,0.0,2.0,0.0,3.0,3.0,2.0,3.0,2.0,3.0,5.0,0.0,5.0,0.0,732.0,732.0,0.0,2.0,1.0,3.0,772.0,351.0,0.0,1123.0,0.0,0.0,1.0,0.0,3.0,1.0,3.0,4.0,5.0,0.0,5.0,1979.0,2.0,1.0,264.0,4.0,4.0,1.0,0.0,0.0,140.0,0.0,0.0,0.0,0.0,6.0,2007.0,5.0,2.0,109077.92
45.0,2.0,55.0,10594.0,1.0,3.0,3.0,4.0,0.0,5.0,2.0,0.0,0.0,1.0,5.0,5.0,1926.0,1950.0,1.0,0.0,10.0,12.0,2.0,0.0,3.0,3.0,0.0,3.0,2.0,3.0,5.0,0.0,5.0,0.0,768.0,768.0,2.0,1.0,0.0,3.0,789.0,0.0,0.0,789.0,0.0,0.0,1.0,0.0,2.0,1.0,3.0,5.0,5.0,0.0,5.0,1926.0,2.0,1.0,200.0,3.0,3.0,2.0,0.0,0.0,112.0,0.0,0.0,0.0,0.0,6.0,2007.0,5.0,2.0,90991.5
60.0,2.0,79.0,10208.0,1.0,0.0,3.0,4.0,0.0,14.0,2.0,0.0,0.0,5.0,7.0,5.0,1996.0,1997.0,1.0,0.0,9.0,11.0,1.0,921.0,2.0,3.0,2.0,2.0,2.0,3.0,5.0,0.0,5.0,0.0,1264.0,1264.0,0.0,0.0,1.0,3.0,1277.0,1067.0,0.0,2344.0,0.0,0.0,2.0,1.0,3.0,1.0,2.0,7.0,5.0,1.0,1.0,1996.0,1.0,3.0,889.0,4.0,4.0,2.0,220.0,0.0,0.0,0.0,0.0,0.0,0.0,7.0,2009.0,5.0,2.0,295858.68
80.0,2.0,66.4251012145749,10246.0,1.0,0.0,3.0,1.0,0.0,18.0,2.0,0.0,0.0,7.0,4.0,9.0,1965.0,2001.0,1.0,0.0,9.0,11.0,2.0,0.0,3.0,2.0,1.0,3.0,1.0,0.0,2.0,648.0,5.0,0.0,0.0,648.0,0.0,0.0,1.0,3.0,960.0,0.0,0.0,960.0,1.0,1.0,0.0,0.0,0.0,1.0,3.0,3.0,5.0,0.0,1.0,1965.0,2.0,1.0,364.0,4.0,4.0,2.0,88.0,0.0,0.0,0.0,0.0,0.0,0.0,5.0,2006.0,5.0,2.0,109817.41
50.0,3.0,52.0,6240.0,1.0,3.0,3.0,4.0,0.0,2.0,2.0,0.0,0.0,0.0,5.0,7.0,1930.0,1992.0,1.0,0.0,6.0,7.0,2.0,0.0,3.0,3.0,2.0,3.0,2.0,3.0,5.0,0.0,5.0,0.0,1078.0,1078.0,0.0,3.0,1.0,3.0,1128.0,445.0,0.0,1573.0,0.0,0.0,2.0,0.0,3.0,1.0,3.0,8.0,5.0,1.0,5.0,1930.0,2.0,2.0,360.0,4.0,4.0,1.0,0.0,0.0,0.0,0.0,0.0,0.0,0.0,6.0,2008.0,5.0,2.0,145753.41
60.0,2.0,63.0,7875.0,1.0,3.0,3.0,4.0,0.0,7.0,2.0,0.0,0.0,5.0,7.0,5.0,2003.0,2003.0,1.0,0.0,9.0,11.0,2.0,0.0,2.0,3.0,2.0,2.0,2.0,3.0,5.0,0.0,5.0,0.0,783.0,783.0,0.0,0.0,1.0,3.0,807.0,702.0,0.0,1509.0,0.0,0.0,2.0,1.0,3.0,1.0,2.0,8.0,5.0,1.0,1.0,2003.0,0.0,2.0,393.0,4.0,4.0,2.0,0.0,75.0,0.0,0.0,0.0,0.0,0.0,7.0,2006.0,5.0,2.0,188232.35
90.0,3.0,110.0,8472.0,0.0,1.0,0.0,0.0,1.0,8.0,7.0,0.0,2.0,2.0,5.0,5.0,1963.0,1963.0,1.0,0.0,10.0,12.0,2.0,0.0,1.0,3.0,1.0,2.0,2.0,1.0,3.0,104.0,2.0,712.0,0.0,816.0,0.0,3.0,0.0,3.0,816.0,0.0,0.0,816.0,1.0,0.0,1.0,0.0,2.0,1.0,3.0,5.0,5.0,0.0,4.0,1963.0,2.0,2.0,516.0,4.0,4.0,2.0,106.0,0.0,0.0,0.0,0.0,0.0,0.0,5.0,2010.0,5.0,2.0,97433.33
20.0,2.0,98.0,11428.0,1.0,0.0,3.0,4.0,0.0,15.0,2.0,0.0,0.0,2.0,8.0,5.0,2006.0,2006.0,1.0,0.0,9.0,11.0,3.0,248.0,2.0,3.0,2.0,2.0,2.0,3.0,5.0,0.0,5.0,0.0,1626.0,1626.0,0.0,0.0,1.0,3.0,1634.0,0.0,0.0,1634.0,0.0,0.0,2.0,0.0,3.0,1.0,2.0,7.0,5.0,1.0,1.0,2006.0,1.0,3.0,866.0,4.0,4.0,2.0,0.0,44.0,0.0,0.0,0.0,0.0,0.0,5.0,2007.0,5.0,2.0,247589.0
180.0,3.0,21.0,1596.0,1.0,3.0,3.0,4.0,0.0,9.0,2.0,0.0,3.0,7.0,4.0,5.0,1973.0,1973.0,1.0,0.0,4.0,4.0,2.0,0.0,3.0,3.0,1.0,2.0,2.0,1.0,2.0,462.0,5.0,0.0,0.0,462.0,0.0,3.0,1.0,3.0,526.0,462.0,0.0,988.0,1.0,0.0,1.0,0.0,2.0,1.0,3.0,5.0,5.0,0.0,3.0,1973.0,2.0,1.0,297.0,4.0,4.0,2.0,120.0,101.0,0.0,0.0,0.0,0.0,0.0,11.0,2009.0,5.0,2.0,95889.0
60.0,2.0,66.4251012145749,10304.0,1.0,0.0,3.0,1.0,0.0,13.0,4.0,0.0,0.0,5.0,5.0,7.0,1976.0,1976.0,1.0,0.0,7.0,8.0,1.0,44.0,3.0,2.0,1.0,3.0,2.0,3.0,0.0,381.0,5.0,0.0,399.0,780.0,0.0,0.0,1.0,3.0,1088.0,780.0,0.0,1868.0,1.0,0.0,2.0,1.0,4.0,1.0,2.0,9.0,5.0,1.0,1.0,1976.0,2.0,2.0,484.0,4.0,4.0,2.0,448.0,96.0,0.0,0.0,0.0,0.0,0.0,10.0,2009.0,5.0,2.0,192185.9
20.0,2.0,55.0,8250.0,1.0,3.0,3.0,4.0,0.0,18.0,1.0,0.0,0.0,2.0,5.0,5.0,1968.0,1968.0,3.0,0.0,5.0,5.0,2.0,0.0,3.0,3.0,1.0,3.0,2.0,3.0,1.0,250.0,3.0,492.0,210.0,952.0,0.0,0.0,1.0,3.0,1211.0,0.0,0.0,1211.0,0.0,0.0,1.0,0.0,3.0,1.0,3.0,5.0,5.0,1.0,1.0,1968.0,2.0,1.0,322.0,4.0,4.0,2.0,0.0,63.0,0.0,0.0,0.0,0.0,0.0,8.0,2008.0,5.0,2.0,134989.5
120.0,3.0,36.0,4435.0,1.0,3.0,3.0,4.0,0.0,4.0,2.0,0.0,4.0,2.0,6.0,5.0,2003.0,2003.0,1.0,0.0,9.0,11.0,1.0,170.0,2.0,3.0,2.0,2.0,2.0,0.0,2.0,659.0,5.0,0.0,189.0,848.0,0.0,0.0,1.0,3.0,848.0,0.0,0.0,848.0,1.0,0.0,1.0,0.0,1.0,1.0,2.0,3.0,5.0,0.0,1.0,2003.0,0.0,2.0,420.0,4.0,4.0,2.0,140.0,0.0,0.0,0.0,0.0,0.0,0.0,11.0,2007.0,5.0,2.0,145112.18
120.0,3.0,59.0,8198.0,1.0,3.0,3.0,3.0,0.0,15.0,2.0,0.0,4.0,2.0,7.0,5.0,2004.0,2004.0,1.0,0.0,9.0,11.0,3.0,146.0,2.0,3.0,2.0,2.0,2.0,0.0,2.0,720.0,5.0,0.0,638.0,1358.0,0.0,0.0,1.0,3.0,1358.0,0.0,0.0,1358.0,1.0,0.0,2.0,0.0,2.0,1.0,2.0,6.0,5.0,1.0,1.0,2004.0,1.0,2.0,484.0,4.0,4.0,2.0,192.0,30.0,0.0,0.0,0.0,0.0,0.0,7.0,2008.0,5.0,2.0,201168.47
160.0,3.0,21.0,2217.0,1.0,3.0,3.0,4.0,0.0,9.0,2.0,0.0,4.0,5.0,4.0,4.0,1970.0,1970.0,1.0,0.0,4.0,4.0,2.0,0.0,3.0,3.0,1.0,3.0,2.0,3.0,1.0,273.0,3.0,273.0,0.0,546.0,0.0,3.0,1.0,3.0,546.0,546.0,0.0,1092.0,0.0,0.0,1.0,1.0,3.0,1.0,3.0,6.0,5.0,0.0,1.0,1970.0,1.0,1.0,286.0,4.0,4.0,2.0,238.0,0.0,0.0,0.0,0.0,0.0,0.0,8.0,2009.0,5.0,2.0,91488.59
20.0,2.0,66.0,13695.0,1.0,3.0,3.0,4.0,0.0,19.0,5.0,0.0,0.0,2.0,5.0,5.0,2004.0,2004.0,1.0,0.0,9.0,11.0,2.0,0.0,3.0,3.0,2.0,3.0,2.0,3.0,2.0,646.0,5.0,0.0,468.0,1114.0,0.0,0.0,1.0,3.0,1114.0,0.0,0.0,1114.0,1.0,0.0,1.0,1.0,3.0,1.0,2.0,6.0,5.0,0.0,5.0,2004.0,2.0,2.0,576.0,4.0,4.0,2.0,0.0,102.0,0.0,0.0,0.0,0.0,0.0,6.0,2008.0,5.0,2.0,148579.0
20.0,2.0,91.0,14145.0,1.0,3.0,3.0,0.0,0.0,13.0,2.0,0.0,0.0,2.0,7.0,7.0,1984.0,1998.0,1.0,0.0,10.0,12.0,2.0,0.0,2.0,3.0,1.0,2.0,2.0,2.0,0.0,213.0,5.0,0.0,995.0,1208.0,0.0,0.0,1.0,3.0,1621.0,0.0,0.0,1621.0,1.0,0.0,2.0,0.0,3.0,1.0,2.0,8.0,5.0,0.0,1.0,1984.0,1.0,2.0,440.0,4.0,4.0,2.0,108.0,45.0,0.0,0.0,0.0,0.0,400.0,5.0,2006.0,5.0,2.0,213344.56
20.0,2.0,57.0,9764.0,1.0,0.0,3.0,2.0,0.0,18.0,1.0,0.0,0.0,2.0,5.0,7.0,1967.0,2003.0,1.0,0.0,9.0,11.0,2.0,0.0,3.0,3.0,1.0,3.0,2.0,3.0,1.0,702.0,5.0,0.0,192.0,894.0,0.0,0.0,1.0,3.0,894.0,0.0,0.0,894.0,1.0,0.0,1.0,0.0,3.0,1.0,2.0,5.0,5.0,0.0,1.0,1967.0,1.0,2.0,450.0,4.0,4.0,2.0,0.0,0.0,0.0,0.0,0.0,0.0,0.0,5.0,2008.0,5.0,2.0,140817.43
20.0,2.0,100.0,10004.0,1.0,3.0,3.0,4.0,0.0,11.0,2.0,0.0,0.0,2.0,6.0,6.0,1964.0,1964.0,1.0,0.0,5.0,8.0,1.0,180.0,3.0,3.0,1.0,3.0,2.0,3.0,4.0,196.0,1.0,345.0,975.0,1516.0,0.0,3.0,1.0,3.0,1516.0,0.0,0.0,1516.0,0.0,0.0,1.0,1.0,3.0,1.0,3.0,6.0,5.0,0.0,1.0,1964.0,1.0,2.0,472.0,4.0,4.0,2.0,0.0,0.0,0.0,0.0,152.0,0.0,0.0,2.0,2009.0,5.0,2.0,159988.0
50.0,2.0,85.0,10678.0,1.0,3.0,3.0,4.0,0.0,14.0,2.0,0.0,0.0,0.0,8.0,5.0,1992.0,2000.0,3.0,0.0,5.0,5.0,1.0,337.0,2.0,3.0,2.0,2.0,2.0,3.0,2.0,700.0,5.0,0.0,983.0,1683.0,0.0,0.0,1.0,3.0,2129.0,743.0,0.0,2872.0,0.0,0.0,2.0,1.0,4.0,1.0,2.0,9.0,5.0,1.0,1.0,1992.0,0.0,2.0,541.0,4.0,4.0,2.0,0.0,33.0,0.0,0.0,0.0,0.0,0.0,4.0,2007.0,5.0,2.0,276856.42
20.0,2.0,66.4251012145749,14375.0,1.0,0.0,3.0,1.0,0.0,22.0,2.0,0.0,0.0,7.0,6.0,6.0,1958.0,1958.0,1.0,0.0,5.0,5.0,1.0,541.0,3.0,3.0,1.0,3.0,2.0,3.0,2.0,111.0,4.0,354.0,354.0,819.0,0.0,2.0,1.0,0.0,1344.0,0.0,0.0,1344.0,0.0,1.0,1.0,0.0,3.0,1.0,2.0,7.0,5.0,1.0,2.0,1958.0,1.0,2.0,525.0,4.0,4.0,2.0,0.0,118.0,0.0,0.0,233.0,0.0,0.0,1.0,2009.0,0.0,0.0,168954.5
50.0,2.0,64.0,13053.0,1.0,3.0,0.0,4.0,0.0,2.0,2.0,0.0,0.0,0.0,6.0,7.0,1923.0,2000.0,2.0,0.0,10.0,12.0,2.0,0.0,3.0,3.0,0.0,3.0,2.0,3.0,5.0,0.0,5.0,0.0,833.0,833.0,0.0,2.0,1.0,3.0,1053.0,795.0,0.0,1848.0,0.0,0.0,1.0,1.0,4.0,1.0,2.0,8.0,5.0,1.0,5.0,1922.0,2.0,2.0,370.0,4.0,4.0,0.0,0.0,0.0,0.0,0.0,220.0,0.0,0.0,6.0,2008.0,5.0,2.0,173861.5
90.0,2.0,80.0,11600.0,1.0,3.0,3.0,0.0,0.0,11.0,1.0,0.0,2.0,5.0,5.0,5.0,1960.0,1960.0,1.0,0.0,6.0,7.0,1.0,361.0,3.0,3.0,1.0,3.0,2.0,3.0,4.0,443.0,5.0,0.0,662.0,1105.0,0.0,3.0,1.0,0.0,1105.0,1169.0,0.0,2274.0,0.0,0.0,2.0,0.0,5.0,2.0,3.0,12.0,5.0,0.0,5.0,1960.0,2.0,2.0,480.0,4.0,4.0,2.0,0.0,0.0,0.0,0.0,0.0,0.0,0.0,1.0,2010.0,5.0,2.0,137804.72
80.0,2.0,72.0,7200.0,1.0,3.0,3.0,4.0,0.0,6.0,2.0,0.0,0.0,7.0,6.0,6.0,1976.0,1976.0,3.0,0.0,6.0,7.0,1.0,255.0,3.0,3.0,1.0,3.0,2.0,0.0,0.0,631.0,5.0,0.0,410.0,1041.0,0.0,0.0,1.0,3.0,1125.0,0.0,0.0,1125.0,1.0,0.0,1.0,0.0,3.0,1.0,3.0,6.0,5.0,1.0,5.0,1977.0,2.0,1.0,352.0,4.0,4.0,2.0,296.0,0.0,0.0,0.0,0.0,0.0,0.0,10.0,2009.0,5.0,0.0,135656.0
60.0,2.0,66.4251012145749,8795.0,1.0,0.0,3.0,4.0,0.0,7.0,2.0,0.0,0.0,5.0,7.0,5.0,2000.0,2000.0,1.0,0.0,9.0,11.0,2.0,0.0,2.0,3.0,2.0,2.0,2.0,3.0,2.0,300.0,5.0,0.0,652.0,952.0,0.0,0.0,1.0,3.0,980.0,1276.0,0.0,2256.0,0.0,0.0,2.0,1.0,4.0,1.0,2.0,8.0,5.0,1.0,3.0,2000.0,0.0,2.0,554.0,4.0,4.0,2.0,224.0,54.0,0.0,0.0,0.0,0.0,0.0,4.0,2009.0,5.0,2.0,232756.45
60.0,2.0,85.0,12244.0,1.0,3.0,3.0,4.0,0.0,22.0,2.0,0.0,0.0,5.0,8.0,5.0,2003.0,2003.0,3.0,0.0,9.0,11.0,3.0,226.0,2.0,3.0,2.0,2.0,2.0,1.0,2.0,871.0,5.0,0.0,611.0,1482.0,0.0,0.0,1.0,3.0,1482.0,780.0,0.0,2262.0,1.0,0.0,2.0,1.0,4.0,1.0,2.0,10.0,5.0,2.0,1.0,2003.0,0.0,3.0,749.0,4.0,4.0,2.0,168.0,0.0,0.0,0.0,0.0,0.0,0.0,8.0,2008.0,5.0,2.0,304514.76
120.0,2.0,43.0,3182.0,1.0,3.0,3.0,4.0,0.0,0.0,2.0,0.0,4.0,2.0,8.0,5.0,2004.0,2005.0,1.0,0.0,9.0,11.0,1.0,16.0,2.0,3.0,2.0,2.0,2.0,3.0,2.0,24.0,5.0,0.0,1232.0,1256.0,0.0,0.0,1.0,3.0,1269.0,0.0,0.0,1269.0,0.0,0.0,2.0,0.0,2.0,1.0,2.0,6.0,5.0,1.0,1.0,2004.0,0.0,2.0,430.0,4.0,4.0,2.0,146.0,20.0,0.0,0.0,144.0,0.0,0.0,4.0,2010.0,5.0,2.0,211263.14
20.0,2.0,66.4251012145749,13265.0,1.0,0.0,3.0,1.0,0.0,10.0,2.0,0.0,0.0,2.0,8.0,5.0,2002.0,2002.0,3.0,0.0,4.0,4.0,1.0,148.0,2.0,3.0,2.0,2.0,2.0,3.0,2.0,1218.0,5.0,0.0,350.0,1568.0,0.0,0.0,1.0,3.0,1689.0,0.0,0.0,1689.0,1.0,0.0,2.0,0.0,3.0,1.0,2.0,7.0,5.0,2.0,1.0,2002.0,1.0,3.0,857.0,4.0,4.0,2.0,150.0,59.0,0.0,0.0,0.0,0.0,0.0,7.0,2008.0,5.0,2.0,285347.62
20.0,2.0,66.4251012145749,11553.0,1.0,0.0,3.0,4.0,0.0,18.0,2.0,0.0,0.0,2.0,5.0,5.0,1968.0,1968.0,3.0,0.0,7.0,8.0,1.0,188.0,3.0,3.0,1.0,3.0,2.0,3.0,1.0,673.0,5.0,0.0,378.0,1051.0,0.0,3.0,1.0,3.0,1159.0,0.0,0.0,1159.0,0.0,0.0,1.0,1.0,3.0,1.0,3.0,7.0,5.0,1.0,1.0,1968.0,2.0,1.0,336.0,4.0,4.0,2.0,466.0,0.0,0.0,0.0,0.0,0.0,0.0,7.0,2006.0,5.0,2.0,142961.0
60.0,2.0,74.0,9056.0,1.0,0.0,3.0,4.0,0.0,7.0,2.0,0.0,0.0,5.0,8.0,5.0,2004.0,2004.0,1.0,0.0,9.0,11.0,2.0,0.0,2.0,3.0,2.0,0.0,1.0,0.0,5.0,0.0,5.0,0.0,707.0,707.0,0.0,0.0,1.0,3.0,707.0,707.0,0.0,1414.0,0.0,0.0,2.0,1.0,3.0,1.0,2.0,6.0,5.0,1.0,1.0,2004.0,0.0,2.0,403.0,4.0,4.0,2.0,100.0,35.0,0.0,0.0,0.0,0.0,0.0,10.0,2006.0,5.0,2.0,238539.11
50.0,2.0,60.0,7200.0,1.0,3.0,3.0,4.0,0.0,11.0,2.0,0.0,0.0,0.0,5.0,4.0,1950.0,1982.0,1.0,0.0,9.0,12.0,2.0,0.0,3.0,3.0,1.0,3.0,2.0,3.0,4.0,180.0,1.0,352.0,676.0,1208.0,0.0,2.0,1.0,0.0,1136.0,768.0,0.0,1904.0,1.0,0.0,1.0,1.0,3.0,1.0,3.0,7.0,2.0,0.0,1.0,1950.0,2.0,1.0,240.0,4.0,4.0,2.0,0.0,0.0,168.0,0.0,0.0,0.0,0.0,5.0,2009.0,5.0,2.0,136071.73
90.0,2.0,74.0,13101.0,1.0,0.0,3.0,4.0,0.0,11.0,2.0,0.0,2.0,2.0,5.0,5.0,1965.0,1965.0,1.0,0.0,5.0,5.0,1.0,108.0,3.0,3.0,1.0,3.0,2.0,3.0,3.0,231.0,5.0,0.0,1497.0,1728.0,0.0,3.0,1.0,3.0,1728.0,0.0,0.0,1728.0,0.0,0.0,2.0,0.0,6.0,2.0,3.0,10.0,5.0,0.0,5.0,1987.0,2.0,2.0,576.0,4.0,4.0,2.0,0.0,0.0,0.0,0.0,0.0,0.0,0.0,11.0,2008.0,5.0,2.0,136711.95
20.0,2.0,74.0,8532.0,1.0,3.0,3.0,4.0,0.0,11.0,2.0,0.0,0.0,2.0,5.0,6.0,1954.0,1990.0,3.0,0.0,10.0,12.0,1.0,650.0,3.0,3.0,1.0,3.0,2.0,3.0,4.0,1213.0,5.0,0.0,84.0,1297.0,0.0,2.0,1.0,3.0,1297.0,0.0,0.0,1297.0,0.0,1.0,1.0,0.0,3.0,1.0,3.0,5.0,5.0,1.0,1.0,1954.0,0.0,2.0,498.0,4.0,4.0,2.0,0.0,0.0,0.0,0.0,0.0,0.0,0.0,10.0,2009.0,5.0,2.0,163343.34
80.0,2.0,80.0,9600.0,1.0,3.0,3.0,2.0,0.0,23.0,1.0,0.0,0.0,7.0,6.0,7.0,1976.0,1994.0,3.0,0.0,7.0,8.0,1.0,360.0,2.0,2.0,1.0,3.0,2.0,3.0,5.0,0.0,5.0,0.0,528.0,528.0,0.0,0.0,1.0,3.0,1094.0,761.0,0.0,1855.0,0.0,0.0,2.0,1.0,3.0,1.0,3.0,7.0,5.0,1.0,1.0,1976.0,1.0,2.0,512.0,4.0,4.0,2.0,113.0,100.0,0.0,0.0,0.0,0.0,0.0,8.0,2007.0,5.0,2.0,197826.5
75.0,2.0,102.0,15863.0,1.0,3.0,3.0,0.0,0.0,17.0,2.0,0.0,0.0,3.0,7.0,3.0,1920.0,1970.0,1.0,0.0,10.0,8.0,2.0,0.0,3.0,3.0,0.0,3.0,2.0,3.0,2.0,523.0,5.0,0.0,301.0,824.0,0.0,0.0,1.0,3.0,1687.0,998.0,397.0,3082.0,1.0,0.0,2.0,1.0,5.0,1.0,3.0,12.0,5.0,2.0,2.0,1970.0,0.0,2.0,672.0,4.0,4.0,2.0,136.0,63.0,0.0,0.0,0.0,0.0,0.0,8.0,2009.0,5.0,2.0,256477.6
30.0,2.0,60.0,10800.0,1.0,3.0,3.0,4.0,0.0,16.0,2.0,0.0,0.0,2.0,4.0,6.0,1927.0,2007.0,1.0,0.0,10.0,12.0,2.0,0.0,3.0,3.0,0.0,3.0,2.0,3.0,5.0,0.0,5.0,0.0,656.0,656.0,0.0,3.0,1.0,3.0,968.0,0.0,0.0,968.0,0.0,0.0,2.0,0.0,4.0,1.0,3.0,5.0,5.0,0.0,5.0,1928.0,2.0,1.0,216.0,1.0,1.0,2.0,0.0,0.0,0.0,0.0,0.0,0.0,0.0,8.0,2007.0,5.0,2.0,115777.82
50.0,2.0,56.0,14720.0,1.0,0.0,3.0,1.0,0.0,14.0,2.0,0.0,0.0,0.0,8.0,5.0,1995.0,1996.0,3.0,0.0,9.0,11.0,1.0,579.0,2.0,3.0,2.0,2.0,2.0,0.0,2.0,816.0,5.0,0.0,1217.0,2033.0,0.0,0.0,1.0,3.0,2053.0,1185.0,0.0,3238.0,1.0,0.0,2.0,1.0,4.0,1.0,2.0,9.0,5.0,1.0,1.0,1996.0,0.0,3.0,666.0,4.0,4.0,2.0,283.0,86.0,0.0,0.0,0.0,0.0,0.0,3.0,2010.0,5.0,2.0,344219.42
60.0,2.0,78.0,11700.0,1.0,3.0,3.0,4.0,0.0,13.0,6.0,0.0,0.0,5.0,6.0,6.0,1968.0,1968.0,1.0,0.0,6.0,7.0,2.0,0.0,3.0,3.0,1.0,3.0,2.0,3.0,4.0,298.0,5.0,0.0,429.0,727.0,0.0,0.0,1.0,3.0,829.0,727.0,0.0,1556.0,0.0,0.0,1.0,1.0,4.0,1.0,3.0,8.0,5.0,0.0,1.0,1968.0,2.0,2.0,441.0,4.0,4.0,2.0,0.0,0.0,0.0,0.0,0.0,0.0,0.0,5.0,2009.0,5.0,2.0,155019.03
60.0,2.0,66.4251012145749,8121.0,1.0,0.0,3.0,4.0,0.0,7.0,2.0,0.0,0.0,5.0,6.0,5.0,2000.0,2000.0,1.0,0.0,9.0,11.0,2.0,0.0,3.0,3.0,2.0,2.0,2.0,3.0,5.0,0.0,5.0,0.0,953.0,953.0,0.0,0.0,1.0,3.0,953.0,711.0,0.0,1664.0,0.0,0.0,2.0,1.0,3.0,1.0,3.0,7.0,5.0,1.0,1.0,2000.0,1.0,2.0,460.0,4.0,4.0,2.0,100.0,40.0,0.0,0.0,0.0,0.0,0.0,1.0,2006.0,5.0,2.0,184581.49
20.0,2.0,83.0,9849.0,1.0,3.0,3.0,4.0,0.0,20.0,2.0,0.0,0.0,2.0,7.0,6.0,2007.0,2007.0,3.0,0.0,9.0,11.0,3.0,0.0,2.0,3.0,2.0,2.0,2.0,0.0,5.0,0.0,5.0,0.0,1689.0,1689.0,0.0,0.0,1.0,3.0,1689.0,0.0,0.0,1689.0,0.0,0.0,2.0,0.0,3.0,1.0,2.0,7.0,5.0,0.0,1.0,2007.0,1.0,3.0,954.0,4.0,4.0,2.0,0.0,56.0,0.0,0.0,0.0,0.0,0.0,6.0,2007.0,4.0,3.0,240478.45
120.0,2.0,50.0,8012.0,1.0,3.0,3.0,4.0,0.0,19.0,2.0,0.0,4.0,2.0,6.0,5.0,1980.0,1980.0,1.0,0.0,7.0,8.0,2.0,0.0,3.0,3.0,1.0,2.0,2.0,3.0,1.0,543.0,1.0,119.0,261.0,923.0,0.0,3.0,1.0,3.0,923.0,0.0,0.0,923.0,0.0,0.0,2.0,0.0,2.0,1.0,3.0,5.0,5.0,1.0,1.0,1980.0,1.0,1.0,264.0,4.0,4.0,2.0,80.0,0.0,0.0,0.0,0.0,0.0,0.0,5.0,2010.0,5.0,2.0,134747.83
70.0,2.0,60.0,8730.0,1.0,3.0,3.0,4.0,0.0,2.0,6.0,0.0,0.0,5.0,6.0,7.0,1915.0,2003.0,1.0,0.0,10.0,12.0,2.0,0.0,3.0,3.0,0.0,3.0,2.0,3.0,5.0,0.0,5.0,0.0,698.0,698.0,0.0,0.0,1.0,0.0,698.0,698.0,0.0,1396.0,0.0,0.0,1.0,0.0,3.0,1.0,3.0,7.0,5.0,0.0,5.0,2003.0,2.0,1.0,384.0,4.0,4.0,2.0,0.0,0.0,0.0,0.0,259.0,0.0,0.0,7.0,2007.0,5.0,2.0,141023.21
120.0,2.0,55.0,7892.0,1.0,3.0,3.0,4.0,0.0,19.0,2.0,0.0,4.0,2.0,6.0,5.0,1979.0,1979.0,1.0,0.0,7.0,8.0,2.0,0.0,3.0,3.0,1.0,2.0,2.0,3.0,5.0,0.0,5.0,0.0,918.0,918.0,0.0,3.0,1.0,3.0,918.0,0.0,0.0,918.0,0.0,0.0,2.0,0.0,2.0,1.0,3.0,5.0,5.0,1.0,1.0,1979.0,2.0,1.0,264.0,4.0,4.0,2.0,28.0,0.0,0.0,0.0,0.0,0.0,0.0,4.0,2010.0,5.0,2.0,135615.5
60.0,2.0,66.4251012145749,12046.0,1.0,0.0,3.0,4.0,0.0,13.0,2.0,0.0,0.0,5.0,6.0,6.0,1976.0,1976.0,1.0,0.0,7.0,8.0,1.0,298.0,3.0,3.0,1.0,3.0,2.0,3.0,3.0,156.0,5.0,0.0,692.0,848.0,0.0,3.0,1.0,3.0,1118.0,912.0,0.0,2030.0,0.0,0.0,2.0,1.0,4.0,1.0,2.0,8.0,5.0,1.0,1.0,1976.0,0.0,2.0,551.0,4.0,4.0,2.0,0.0,224.0,0.0,0.0,0.0,0.0,0.0,6.0,2007.0,5.0,2.0,186141.5
120.0,3.0,32.0,4500.0,1.0,3.0,3.0,2.0,0.0,10.0,2.0,0.0,3.0,2.0,6.0,5.0,1998.0,1998.0,3.0,0.0,9.0,11.0,1.0,116.0,3.0,3.0,2.0,0.0,2.0,3.0,2.0,897.0,5.0,0.0,319.0,1216.0,0.0,0.0,1.0,3.0,1216.0,0.0,0.0,1216.0,1.0,0.0,2.0,0.0,2.0,1.0,3.0,5.0,5.0,0.0,1.0,1998.0,2.0,2.0,402.0,4.0,4.0,2.0,0.0,125.0,0.0,0.0,0.0,0.0,0.0,5.0,2006.0,5.0,2.0,168749.04
20.0,2.0,64.0,9037.0,1.0,0.0,1.0,4.0,0.0,22.0,2.0,0.0,0.0,2.0,8.0,5.0,2006.0,2006.0,3.0,0.0,9.0,11.0,1.0,32.0,2.0,3.0,2.0,2.0,2.0,0.0,2.0,428.0,5.0,0.0,1048.0,1476.0,0.0,0.0,1.0,3.0,1484.0,0.0,0.0,1484.0,0.0,0.0,2.0,0.0,2.0,1.0,0.0,6.0,5.0,1.0,1.0,2006.0,1.0,2.0,472.0,4.0,4.0,2.0,120.0,33.0,0.0,0.0,0.0,0.0,0.0,12.0,2007.0,5.0,2.0,260333.69
80.0,2.0,66.4251012145749,9125.0,1.0,0.0,3.0,4.0,0.0,7.0,2.0,0.0,0.0,7.0,7.0,5.0,1992.0,1992.0,1.0,0.0,5.0,5.0,1.0,170.0,3.0,3.0,2.0,2.0,2.0,3.0,5.0,0.0,5.0,0.0,384.0,384.0,0.0,2.0,1.0,3.0,812.0,670.0,0.0,1482.0,0.0,0.0,2.0,1.0,3.0,1.0,2.0,7.0,5.0,1.0,1.0,1992.0,0.0,2.0,392.0,4.0,4.0,2.0,100.0,25.0,0.0,0.0,0.0,0.0,0.0,7.0,2007.0,5.0,2.0,176337.65
60.0,2.0,77.0,9965.0,1.0,3.0,3.0,4.0,0.0,4.0,2.0,0.0,0.0,5.0,8.0,5.0,2006.0,2007.0,3.0,0.0,9.0,11.0,3.0,340.0,2.0,3.0,2.0,0.0,2.0,1.0,2.0,1150.0,5.0,0.0,316.0,1466.0,0.0,0.0,1.0,3.0,1466.0,1362.0,0.0,2828.0,1.0,0.0,3.0,0.0,4.0,1.0,2.0,11.0,5.0,1.0,3.0,2006.0,1.0,3.0,1052.0,4.0,4.0,2.0,125.0,144.0,0.0,0.0,0.0,0.0,0.0,4.0,2007.0,4.0,3.0,353570.55
20.0,2.0,120.0,9560.0,1.0,0.0,3.0,0.0,0.0,4.0,2.0,0.0,0.0,2.0,5.0,7.0,1972.0,1972.0,3.0,0.0,6.0,7.0,2.0,0.0,3.0,2.0,1.0,3.0,2.0,2.0,4.0,360.0,5.0,0.0,504.0,864.0,0.0,0.0,1.0,3.0,864.0,0.0,0.0,864.0,0.0,0.0,1.0,0.0,3.0,1.0,3.0,5.0,5.0,0.0,1.0,1972.0,1.0,1.0,288.0,4.0,4.0,2.0,0.0,0.0,0.0,0.0,0.0,0.0,0.0,6.0,2006.0,5.0,2.0,123649.0
60.0,2.0,66.4251012145749,9375.0,1.0,3.0,3.0,4.0,0.0,4.0,2.0,0.0,0.0,5.0,8.0,5.0,2002.0,2002.0,1.0,0.0,9.0,11.0,1.0,149.0,2.0,3.0,2.0,2.0,2.0,3.0,5.0,0.0,5.0,0.0,1284.0,1284.0,0.0,0.0,1.0,3.0,1284.0,885.0,0.0,2169.0,0.0,0.0,2.0,1.0,3.0,1.0,2.0,7.0,5.0,1.0,1.0,2002.0,1.0,2.0,647.0,4.0,4.0,2.0,192.0,87.0,0.0,0.0,0.0,0.0,0.0,8.0,2007.0,5.0,2.0,250893.76
30.0,2.0,52.0,5825.0,1.0,0.0,3.0,4.0,0.0,2.0,2.0,0.0,0.0,2.0,4.0,5.0,1926.0,1953.0,1.0,0.0,6.0,7.0,1.0,108.0,3.0,2.0,2.0,1.0,2.0,2.0,5.0,0.0,5.0,0.0,600.0,600.0,0.0,2.0,1.0,3.0,747.0,0.0,0.0,747.0,0.0,0.0,1.0,0.0,1.0,1.0,3.0,5.0,5.0,0.0,5.0,1953.0,2.0,2.0,528.0,4.0,4.0,2.0,0.0,0.0,32.0,0.0,0.0,0.0,0.0,6.0,2006.0,5.0,2.0,101644.55
20.0,2.0,57.0,8280.0,1.0,0.0,3.0,4.0,0.0,11.0,2.0,0.0,0.0,2.0,6.0,5.0,1950.0,1950.0,1.0,0.0,2.0,2.0,2.0,0.0,3.0,3.0,1.0,3.0,2.0,3.0,5.0,0.0,5.0,0.0,932.0,932.0,0.0,0.0,1.0,0.0,932.0,0.0,0.0,932.0,0.0,0.0,1.0,0.0,2.0,1.0,2.0,4.0,5.0,1.0,1.0,1950.0,2.0,1.0,306.0,4.0,4.0,2.0,0.0,0.0,214.0,0.0,0.0,0.0,0.0,11.0,2007.0,5.0,2.0,134528.15
,,,,,,,,,,,,,,,,,,,,,,,,,,,,,,,,,,,,,,,,,,,,,,,,,,,,,,,,,,,,,,,,,,,,,,,,,195190.9
60.0,2.0,60.0,7500.0,1.0,3.0,3.0,4.0,0.0,7.0,2.0,0.0,0.0,5.0,7.0,5.0,1999.0,1999.0,1.0,0.0,9.0,11.0,2.0,0.0,3.0,3.0,2.0,3.0,2.0,3.0,5.0,0.0,5.0,0.0,994.0,994.0,0.0,2.0,1.0,3.0,1028.0,776.0,0.0,1804.0,0.0,0.0,2.0,1.0,3.0,1.0,2.0,7.0,5.0,1.0,1.0,1999.0,0.0,2.0,442.0,4.0,4.0,2.0,140.0,60.0,0.0,0.0,0.0,0.0,0.0,6.0,2010.0,5.0,2.0,135760.99
90.0,2.0,64.0,6979.0,1.0,3.0,3.0,4.0,0.0,16.0,2.0,0.0,2.0,6.0,6.0,5.0,1980.0,1980.0,1.0,0.0,7.0,8.0,2.0,0.0,3.0,3.0,1.0,3.0,2.0,3.0,2.0,1056.0,5.0,0.0,0.0,1056.0,0.0,2.0,1.0,3.0,1056.0,0.0,0.0,1056.0,2.0,0.0,0.0,0.0,0.0,2.0,3.0,4.0,5.0,0.0,5.0,1980.0,2.0,2.0,576.0,4.0,4.0,2.0,264.0,56.0,0.0,0.0,0.0,0.0,600.0,6.0,2010.0,5.0,2.0,275702.95
50.0,2.0,48.0,12822.0,1.0,0.0,3.0,1.0,0.0,10.0,2.0,0.0,0.0,0.0,7.0,5.0,2003.0,2003.0,1.0,0.0,9.0,11.0,2.0,0.0,2.0,3.0,2.0,0.0,2.0,3.0,2.0,1351.0,5.0,0.0,83.0,1434.0,0.0,0.0,1.0,3.0,1518.0,631.0,0.0,2149.0,1.0,0.0,1.0,1.0,1.0,1.0,2.0,6.0,5.0,1.0,1.0,2003.0,1.0,2.0,670.0,4.0,4.0,2.0,168.0,43.0,0.0,0.0,198.0,0.0,0.0,8.0,2009.0,5.0,0.0,136691.42
90.0,2.0,85.0,11475.0,1.0,3.0,3.0,0.0,0.0,11.0,2.0,0.0,2.0,2.0,5.0,5.0,1958.0,1958.0,1.0,0.0,9.0,11.0,1.0,95.0,3.0,3.0,1.0,3.0,2.0,3.0,5.0,0.0,5.0,0.0,1584.0,1584.0,0.0,3.0,1.0,3.0,1776.0,0.0,0.0,1776.0,1.0,0.0,2.0,0.0,4.0,2.0,3.0,9.0,5.0,0.0,5.0,1968.0,2.0,3.0,888.0,4.0,4.0,2.0,0.0,25.0,0.0,0.0,0.0,0.0,0.0,7.0,2009.0,0.0,0.0,201206.2
60.0,2.0,93.0,10261.0,1.0,0.0,3.0,4.0,0.0,7.0,2.0,0.0,0.0,5.0,6.0,5.0,2000.0,2000.0,1.0,0.0,9.0,11.0,1.0,318.0,3.0,3.0,2.0,2.0,2.0,3.0,5.0,0.0,5.0,0.0,936.0,936.0,0.0,0.0,1.0,3.0,962.0,830.0,0.0,1792.0,1.0,0.0,2.0,1.0,3.0,1.0,3.0,8.0,5.0,1.0,1.0,2000.0,0.0,2.0,451.0,4.0,4.0,2.0,0.0,0.0,0.0,0.0,0.0,0.0,0.0,5.0,2008.0,5.0,2.0,195235.25
60.0,2.0,92.0,11952.0,1.0,3.0,3.0,4.0,0.0,13.0,3.0,0.0,0.0,5.0,7.0,6.0,1977.0,1977.0,4.0,2.0,11.0,8.0,2.0,0.0,3.0,3.0,1.0,2.0,2.0,3.0,5.0,0.0,5.0,0.0,808.0,808.0,0.0,3.0,1.0,3.0,1161.0,808.0,0.0,1969.0,0.0,0.0,2.0,1.0,3.0,1.0,3.0,8.0,5.0,1.0,1.0,1977.0,1.0,2.0,534.0,4.0,4.0,2.0,0.0,0.0,0.0,0.0,276.0,0.0,0.0,11.0,2007.0,5.0,2.0,201015.51
20.0,2.0,90.0,10768.0,1.0,0.0,3.0,0.0,0.0,23.0,2.0,0.0,0.0,2.0,5.0,8.0,1976.0,2004.0,1.0,0.0,7.0,8.0,2.0,0.0,2.0,2.0,1.0,2.0,2.0,1.0,0.0,1157.0,5.0,0.0,280.0,1437.0,0.0,3.0,1.0,3.0,1437.0,0.0,0.0,1437.0,1.0,0.0,2.0,0.0,3.0,1.0,2.0,6.0,5.0,1.0,1.0,1976.0,1.0,2.0,528.0,4.0,4.0,2.0,0.0,21.0,0.0,0.0,180.0,0.0,0.0,7.0,2007.0,5.0,2.0,168935.5
60.0,2.0,70.0,9247.0,1.0,0.0,3.0,4.0,0.0,11.0,2.0,0.0,0.0,5.0,6.0,6.0,1962.0,1962.0,1.0,0.0,5.0,5.0,1.0,318.0,3.0,3.0,1.0,3.0,2.0,3.0,4.0,319.0,5.0,0.0,539.0,858.0,0.0,0.0,1.0,3.0,858.0,858.0,0.0,1716.0,0.0,0.0,1.0,1.0,4.0,1.0,3.0,8.0,5.0,1.0,1.0,1962.0,0.0,2.0,490.0,4.0,4.0,2.0,0.0,84.0,0.0,0.0,120.0,0.0,0.0,3.0,2008.0,5.0,2.0,199452.82
70.0,3.0,60.0,10800.0,1.0,3.0,0.0,4.0,0.0,16.0,2.0,0.0,0.0,5.0,7.0,8.0,1890.0,1998.0,1.0,0.0,10.0,11.0,2.0,0.0,3.0,2.0,0.0,3.0,2.0,3.0,5.0,0.0,5.0,0.0,718.0,718.0,0.0,0.0,1.0,3.0,1576.0,978.0,0.0,2554.0,0.0,0.0,1.0,1.0,3.0,1.0,3.0,8.0,5.0,0.0,5.0,1996.0,2.0,2.0,704.0,4.0,4.0,1.0,0.0,48.0,143.0,0.0,0.0,0.0,0.0,7.0,2007.0,5.0,2.0,251112.9
60.0,2.0,66.4251012145749,53107.0,1.0,1.0,2.0,0.0,1.0,3.0,1.0,0.0,0.0,5.0,6.0,5.0,1992.0,1992.0,1.0,0.0,5.0,5.0,2.0,0.0,2.0,3.0,2.0,2.0,2.0,0.0,2.0,985.0,5.0,0.0,595.0,1580.0,0.0,0.0,1.0,3.0,1079.0,874.0,0.0,1953.0,1.0,0.0,2.0,1.0,3.0,1.0,2.0,9.0,5.0,2.0,1.0,1992.0,0.0,2.0,501.0,4.0,4.0,2.0,216.0,231.0,0.0,0.0,0.0,0.0,0.0,6.0,2007.0,5.0,2.0,127660.51
50.0,3.0,60.0,7200.0,1.0,3.0,3.0,0.0,0.0,8.0,2.0,0.0,0.0,0.0,5.0,6.0,1938.0,1995.0,1.0,0.0,10.0,12.0,2.0,0.0,3.0,3.0,1.0,3.0,2.0,3.0,5.0,0.0,5.0,0.0,803.0,803.0,0.0,0.0,1.0,3.0,803.0,557.0,0.0,1360.0,0.0,0.0,1.0,1.0,2.0,1.0,2.0,6.0,5.0,0.0,5.0,1951.0,2.0,1.0,297.0,4.0,4.0,2.0,0.0,65.0,190.0,0.0,0.0,0.0,0.0,7.0,2006.0,5.0,2.0,102613.0
50.0,3.0,63.0,5000.0,1.0,3.0,3.0,0.0,0.0,16.0,2.0,0.0,0.0,0.0,5.0,4.0,1900.0,1950.0,1.0,0.0,10.0,12.0,2.0,0.0,3.0,3.0,0.0,3.0,2.0,3.0,5.0,0.0,5.0,0.0,540.0,540.0,0.0,2.0,0.0,0.0,889.0,551.0,0.0,1440.0,0.0,0.0,1.0,0.0,3.0,1.0,3.0,6.0,5.0,0.0,1.0,1940.0,2.0,1.0,352.0,1.0,4.0,2.0,0.0,0.0,77.0,0.0,0.0,0.0,0.0,4.0,2006.0,5.0,2.0,133450.96
20.0,2.0,68.0,7922.0,1.0,3.0,3.0,4.0,0.0,11.0,2.0,0.0,0.0,2.0,5.0,7.0,1953.0,2007.0,1.0,0.0,9.0,11.0,2.0,0.0,3.0,2.0,1.0,3.0,2.0,3.0,2.0,731.0,5.0,0.0,326.0,1057.0,0.0,3.0,1.0,3.0,1057.0,0.0,0.0,1057.0,1.0,0.0,1.0,0.0,3.0,1.0,2.0,5.0,5.0,0.0,5.0,1953.0,2.0,1.0,246.0,4.0,4.0,2.0,0.0,52.0,0.0,0.0,0.0,0.0,0.0,1.0,2010.0,5.0,0.0,198435.75
60.0,2.0,58.0,10852.0,1.0,0.0,3.0,4.0,0.0,7.0,6.0,0.0,0.0,5.0,6.0,5.0,2000.0,2000.0,1.0,0.0,9.0,11.0,2.0,0.0,3.0,3.0,2.0,2.0,2.0,3.0,2.0,786.0,5.0,0.0,173.0,959.0,0.0,0.0,1.0,3.0,959.0,712.0,0.0,1671.0,1.0,0.0,2.0,1.0,3.0,1.0,3.0,7.0,5.0,1.0,1.0,2000.0,0.0,2.0,472.0,4.0,4.0,2.0,0.0,38.0,0.0,0.0,0.0,0.0,0.0,2.0,2006.0,5.0,2.0,137432.64
20.0,2.0,43.0,13568.0,1.0,1.0,3.0,1.0,0.0,4.0,2.0,0.0,0.0,2.0,5.0,5.0,1995.0,1995.0,1.0,0.0,9.0,11.0,2.0,0.0,3.0,3.0,2.0,2.0,2.0,3.0,0.0,716.0,5.0,0.0,274.0,990.0,0.0,0.0,1.0,3.0,990.0,0.0,0.0,990.0,0.0,1.0,1.0,0.0,3.0,1.0,3.0,5.0,5.0,0.0,1.0,1996.0,2.0,2.0,576.0,4.0,4.0,2.0,224.0,0.0,0.0,0.0,0.0,0.0,0.0,7.0,2006.0,5.0,2.0,122806.26
20.0,2.0,60.0,7200.0,1.0,3.0,3.0,4.0,0.0,11.0,2.0,0.0,0.0,2.0,5.0,5.0,1950.0,1950.0,3.0,0.0,6.0,7.0,2.0,0.0,3.0,3.0,1.0,3.0,2.0,3.0,2.0,0.0,5.0,0.0,0.0,0.0,0.0,2.0,1.0,3.0,1048.0,0.0,0.0,1048.0,0.0,0.0,1.0,0.0,3.0,1.0,3.0,7.0,2.0,0.0,5.0,1950.0,2.0,2.0,420.0,4.0,4.0,2.0,0.0,27.0,0.0,0.0,0.0,0.0,0.0,7.0,2008.0,5.0,2.0,92347.96
180.0,3.0,21.0,1526.0,1.0,3.0,3.0,4.0,0.0,9.0,2.0,0.0,3.0,6.0,4.0,8.0,1970.0,2002.0,1.0,0.0,4.0,4.0,2.0,0.0,3.0,2.0,1.0,2.0,2.0,0.0,2.0,515.0,5.0,0.0,115.0,630.0,0.0,3.0,1.0,3.0,630.0,0.0,0.0,630.0,1.0,0.0,1.0,0.0,1.0,1.0,2.0,3.0,5.0,0.0,1.0,1970.0,2.0,1.0,286.0,4.0,4.0,2.0,0.0,0.0,0.0,0.0,0.0,0.0,0.0,5.0,2009.0,5.0,2.0,193665.22
120.0,2.0,40.0,6792.0,1.0,0.0,3.0,4.0,0.0,15.0,2.0,0.0,4.0,2.0,7.0,5.0,2005.0,2006.0,1.0,0.0,9.0,11.0,3.0,94.0,2.0,3.0,2.0,2.0,2.0,3.0,5.0,0.0,5.0,0.0,1368.0,1368.0,0.0,0.0,1.0,3.0,1368.0,0.0,0.0,1368.0,0.0,0.0,2.0,0.0,2.0,1.0,2.0,6.0,5.0,1.0,1.0,2005.0,1.0,2.0,474.0,4.0,4.0,2.0,132.0,35.0,0.0,0.0,0.0,0.0,0.0,3.0,2006.0,4.0,3.0,248544.06
60.0,2.0,66.4251012145749,11170.0,1.0,1.0,3.0,0.0,0.0,22.0,2.0,0.0,0.0,5.0,7.0,5.0,1990.0,1991.0,1.0,0.0,6.0,7.0,2.0,0.0,3.0,3.0,5.0,2.0,2.0,3.0,3.0,1216.0,5.0,0.0,0.0,1216.0,0.0,0.0,1.0,3.0,1298.0,1216.0,0.0,2514.0,0.0,0.0,2.0,1.0,4.0,1.0,3.0,8.0,5.0,0.0,1.0,1990.0,0.0,2.0,693.0,4.0,4.0,2.0,0.0,0.0,0.0,0.0,0.0,0.0,0.0,4.0,2006.0,5.0,2.0,136587.32
90.0,2.0,60.0,9000.0,1.0,3.0,3.0,2.0,0.0,11.0,2.0,0.0,2.0,5.0,5.0,5.0,1974.0,1974.0,1.0,0.0,9.0,11.0,2.0,0.0,3.0,3.0,1.0,2.0,2.0,3.0,5.0,0.0,5.0,0.0,896.0,896.0,0.0,3.0,1.0,3.0,896.0,896.0,0.0,1792.0,0.0,0.0,2.0,2.0,4.0,2.0,3.0,8.0,5.0,0.0,1.0,1979.76,2.0,0.0,0.0,4.0,4.0,2.0,32.0,45.0,0.0,0.0,0.0,0.0,0.0,9.0,2009.0,5.0,2.0,141845.02
50.0,2.0,60.0,10930.0,1.0,3.0,0.0,4.0,0.0,11.0,0.0,0.0,0.0,0.0,5.0,6.0,1945.0,1950.0,1.0,0.0,6.0,7.0,2.0,0.0,3.0,3.0,1.0,3.0,2.0,3.0,1.0,580.0,5.0,0.0,333.0,913.0,0.0,3.0,1.0,0.0,1048.0,510.0,0.0,1558.0,1.0,0.0,1.0,1.0,3.0,1.0,3.0,6.0,5.0,1.0,1.0,1962.0,2.0,1.0,288.0,4.0,4.0,2.0,0.0,0.0,0.0,0.0,0.0,0.0,0.0,4.0,2008.0,5.0,2.0,199531.2
60.0,2.0,80.0,10421.0,1.0,3.0,3.0,4.0,0.0,13.0,2.0,0.0,0.0,5.0,7.0,5.0,1988.0,1988.0,1.0,0.0,5.0,5.0,1.0,42.0,3.0,3.0,1.0,2.0,2.0,3.0,2.0,394.0,5.0,0.0,586.0,980.0,0.0,3.0,1.0,3.0,980.0,734.0,0.0,1714.0,0.0,0.0,2.0,1.0,3.0,1.0,3.0,7.0,5.0,1.0,1.0,1988.0,2.0,2.0,496.0,4.0,4.0,2.0,228.0,66.0,156.0,0.0,0.0,0.0,500.0,3.0,2010.0,5.0,2.0,128818.59
20.0,2.0,60.0,7200.0,1.0,3.0,3.0,4.0,0.0,11.0,2.0,0.0,0.0,2.0,5.0,7.0,1950.0,1950.0,1.0,0.0,6.0,7.0,2.0,0.0,3.0,3.0,1.0,3.0,2.0,3.0,1.0,534.0,4.0,96.0,246.0,876.0,0.0,3.0,1.0,3.0,988.0,0.0,0.0,988.0,0.0,0.0,1.0,0.0,3.0,1.0,3.0,6.0,5.0,0.0,1.0,1950.0,2.0,1.0,276.0,4.0,4.0,2.0,0.0,80.0,0.0,0.0,0.0,0.0,0.0,5.0,2007.0,5.0,2.0,163861.37
20.0,2.0,102.0,17920.0,1.0,3.0,3.0,4.0,0.0,18.0,2.0,0.0,0.0,2.0,5.0,4.0,1955.0,1974.0,3.0,0.0,10.0,8.0,2.0,0.0,3.0,3.0,1.0,3.0,2.0,2.0,0.0,306.0,4.0,1085.0,372.0,1763.0,0.0,3.0,1.0,3.0,1779.0,0.0,0.0,1779.0,1.0,0.0,1.0,1.0,3.0,1.0,3.0,6.0,5.0,1.0,1.0,1955.0,2.0,2.0,454.0,4.0,4.0,2.0,0.0,418.0,0.0,0.0,312.0,0.0,0.0,7.0,2006.0,5.0,0.0,87391.01
20.0,2.0,74.0,10206.0,1.0,3.0,3.0,0.0,0.0,6.0,2.0,0.0,0.0,2.0,3.0,3.0,1952.0,1952.0,0.0,1.0,1.0,1.0,2.0,0.0,3.0,3.0,3.0,3.0,2.0,3.0,2.0,0.0,5.0,0.0,0.0,0.0,1.0,1.0,0.0,1.0,944.0,0.0,0.0,944.0,0.0,0.0,1.0,0.0,2.0,1.0,1.0,4.0,2.0,0.0,5.0,1956.0,2.0,2.0,528.0,4.0,1.0,2.0,0.0,0.0,0.0,0.0,0.0,0.0,0.0,7.0,2009.0,5.0,2.0,114195.92
190.0,3.0,33.0,4456.0,1.0,3.0,3.0,4.0,0.0,16.0,2.0,0.0,1.0,5.0,4.0,5.0,1920.0,2008.0,1.0,0.0,6.0,7.0,2.0,0.0,3.0,3.0,0.0,3.0,2.0,3.0,5.0,0.0,5.0,0.0,736.0,736.0,0.0,2.0,1.0,3.0,736.0,716.0,0.0,1452.0,0.0,0.0,2.0,0.0,2.0,3.0,3.0,8.0,5.0,0.0,1.0,1979.76,2.0,0.0,0.0,4.0,4.0,0.0,0.0,0.0,102.0,0.0,0.0,0.0,0.0,6.0,2009.0,4.0,3.0,140345.82
20.0,2.0,66.4251012145749,8246.0,1.0,0.0,3.0,4.0,0.0,18.0,2.0,0.0,0.0,2.0,5.0,8.0,1968.0,2001.0,1.0,0.0,7.0,8.0,2.0,0.0,3.0,2.0,1.0,3.0,2.0,2.0,4.0,188.0,0.0,668.0,204.0,1060.0,0.0,0.0,1.0,3.0,1060.0,0.0,0.0,1060.0,1.0,0.0,1.0,0.0,3.0,1.0,2.0,6.0,5.0,1.0,1.0,1968.0,2.0,1.0,270.0,4.0,4.0,2.0,406.0,90.0,0.0,0.0,0.0,0.0,0.0,5.0,2010.0,5.0,2.0,218860.55
60.0,2.0,66.4251012145749,29959.0,1.0,1.0,3.0,2.0,0.0,14.0,2.0,0.0,0.0,5.0,7.0,6.0,1994.0,1994.0,1.0,0.0,5.0,5.0,2.0,0.0,2.0,3.0,2.0,2.0,2.0,3.0,2.0,595.0,5.0,0.0,378.0,973.0,0.0,0.0,1.0,3.0,979.0,871.0,0.0,1850.0,0.0,0.0,2.0,1.0,3.0,1.0,2.0,7.0,5.0,1.0,3.0,1994.0,0.0,2.0,467.0,4.0,4.0,2.0,168.0,98.0,0.0,0.0,0.0,0.0,0.0,1.0,2009.0,5.0,2.0,139568.44
120.0,3.0,44.0,4224.0,1.0,3.0,3.0,4.0,0.0,9.0,2.0,0.0,4.0,2.0,5.0,7.0,1976.0,1976.0,1.0,0.0,4.0,4.0,2.0,0.0,3.0,3.0,2.0,2.0,2.0,3.0,2.0,840.0,5.0,0.0,200.0,1040.0,0.0,3.0,1.0,3.0,1060.0,0.0,0.0,1060.0,1.0,0.0,1.0,0.0,3.0,1.0,3.0,6.0,5.0,1.0,1.0,1976.0,2.0,2.0,572.0,4.0,4.0,2.0,100.0,110.0,0.0,0.0,0.0,0.0,0.0,6.0,2007.0,5.0,2.0,166311.0
60.0,2.0,66.4251012145749,11616.0,1.0,0.0,3.0,1.0,0.0,18.0,2.0,0.0,0.0,5.0,6.0,5.0,1978.0,1978.0,3.0,0.0,5.0,5.0,0.0,328.0,3.0,3.0,1.0,3.0,2.0,2.0,4.0,438.0,5.0,0.0,234.0,672.0,0.0,3.0,1.0,3.0,672.0,714.0,0.0,1386.0,0.0,0.0,2.0,1.0,3.0,1.0,3.0,6.0,5.0,1.0,1.0,1978.0,0.0,2.0,440.0,4.0,4.0,2.0,335.0,0.0,0.0,0.0,0.0,0.0,0.0,4.0,2010.0,5.0,0.0,179373.2
50.0,2.0,66.4251012145749,11275.0,1.0,0.0,1.0,0.0,1.0,5.0,2.0,0.0,0.0,0.0,6.0,7.0,1932.0,1950.0,1.0,0.0,6.0,7.0,1.0,480.0,3.0,3.0,1.0,3.0,2.0,2.0,4.0,297.0,3.0,557.0,0.0,854.0,0.0,3.0,1.0,3.0,1096.0,895.0,0.0,1991.0,0.0,0.0,1.0,1.0,3.0,1.0,3.0,7.0,5.0,1.0,5.0,1977.0,2.0,2.0,432.0,4.0,1.0,2.0,0.0,0.0,19.0,0.0,0.0,0.0,0.0,3.0,2007.0,5.0,2.0,322226.23
20.0,2.0,107.0,11362.0,1.0,0.0,3.0,4.0,0.0,15.0,2.0,0.0,0.0,2.0,8.0,5.0,2004.0,2005.0,1.0,0.0,6.0,7.0,3.0,42.0,2.0,3.0,2.0,0.0,2.0,2.0,2.0,1039.0,5.0,0.0,797.0,1836.0,0.0,0.0,1.0,3.0,1836.0,0.0,0.0,1836.0,1.0,0.0,2.0,0.0,3.0,1.0,2.0,7.0,5.0,1.0,1.0,2004.0,0.0,3.0,862.0,4.0,4.0,2.0,125.0,185.0,0.0,0.0,0.0,0.0,0.0,3.0,2009.0,5.0,2.0,201291.13
120.0,2.0,43.0,7052.0,1.0,0.0,3.0,4.0,0.0,15.0,2.0,0.0,4.0,2.0,7.0,5.0,2005.0,2005.0,1.0,0.0,9.0,11.0,3.0,240.0,2.0,3.0,2.0,2.0,2.0,0.0,2.0,659.0,5.0,0.0,705.0,1364.0,0.0,0.0,1.0,3.0,1364.0,0.0,0.0,1364.0,1.0,0.0,2.0,0.0,2.0,1.0,2.0,6.0,5.0,1.0,1.0,2005.0,1.0,2.0,484.0,4.0,4.0,2.0,192.0,36.0,0.0,0.0,0.0,0.0,0.0,6.0,2006.0,5.0,2.0,126130.12
160.0,3.0,66.4251012145749,2665.0,1.0,3.0,3.0,4.0,0.0,9.0,2.0,0.0,4.0,5.0,5.0,6.0,1976.0,1976.0,1.0,0.0,4.0,4.0,2.0,0.0,3.0,3.0,2.0,2.0,2.0,2.0,5.0,0.0,5.0,0.0,264.0,264.0,0.0,3.0,1.0,3.0,616.0,688.0,0.0,1304.0,0.0,0.0,1.0,1.0,3.0,1.0,3.0,4.0,5.0,1.0,3.0,1976.0,0.0,1.0,336.0,4.0,4.0,2.0,141.0,24.0,0.0,0.0,0.0,0.0,0.0,6.0,2008.0,5.0,2.0,268591.07
60.0,1.0,102.0,11143.0,1.0,0.0,3.0,0.0,0.0,20.0,2.0,0.0,0.0,5.0,8.0,5.0,2004.0,2005.0,1.0,0.0,4.0,4.0,2.0,0.0,2.0,3.0,2.0,2.0,2.0,3.0,5.0,0.0,5.0,0.0,1580.0,1580.0,0.0,0.0,1.0,3.0,1580.0,886.0,0.0,2466.0,0.0,0.0,3.0,0.0,4.0,1.0,2.0,8.0,5.0,1.0,1.0,2004.0,1.0,2.0,610.0,4.0,4.0,2.0,159.0,214.0,0.0,0.0,0.0,0.0,0.0,12.0,2007.0,5.0,2.0,126984.32
30.0,3.0,60.0,7200.0,1.0,3.0,3.0,0.0,0.0,16.0,2.0,0.0,0.0,2.0,5.0,7.0,1940.0,1992.0,1.0,0.0,6.0,7.0,3.0,294.0,3.0,2.0,1.0,3.0,2.0,3.0,1.0,510.0,5.0,0.0,278.0,788.0,0.0,3.0,1.0,3.0,804.0,0.0,0.0,804.0,1.0,0.0,1.0,0.0,2.0,1.0,2.0,4.0,5.0,2.0,1.0,1940.0,2.0,1.0,240.0,4.0,4.0,2.0,0.0,0.0,154.0,0.0,0.0,0.0,0.0,2.0,2010.0,5.0,0.0,143437.34
80.0,2.0,60.0,7134.0,1.0,3.0,0.0,4.0,1.0,11.0,2.0,0.0,0.0,7.0,5.0,5.0,1955.0,1955.0,1.0,0.0,6.0,7.0,2.0,0.0,3.0,3.0,1.0,3.0,2.0,3.0,0.0,384.0,5.0,0.0,0.0,384.0,0.0,3.0,1.0,3.0,1360.0,0.0,0.0,1360.0,0.0,0.0,1.0,0.0,3.0,1.0,3.0,6.0,2.0,1.0,5.0,1962.0,2.0,2.0,572.0,4.0,4.0,2.0,0.0,50.0,0.0,0.0,0.0,0.0,0.0,2.0,2007.0,5.0,2.0,365117.16
60.0,2.0,47.0,53504.0,1.0,1.0,1.0,1.0,1.0,21.0,2.0,0.0,0.0,5.0,8.0,5.0,2003.0,2003.0,3.0,0.0,4.0,13.0,1.0,603.0,0.0,3.0,2.0,2.0,2.0,1.0,0.0,1416.0,5.0,0.0,234.0,1650.0,0.0,0.0,1.0,3.0,1690.0,1589.0,0.0,3279.0,1.0,0.0,3.0,1.0,4.0,1.0,0.0,12.0,4.0,1.0,3.0,2003.0,0.0,3.0,841.0,4.0,4.0,2.0,503.0,36.0,0.0,0.0,210.0,0.0,0.0,6.0,2010.0,5.0,2.0,97302.55
90.0,2.0,60.0,8544.0,1.0,3.0,3.0,4.0,0.0,11.0,2.0,0.0,2.0,2.0,3.0,4.0,1950.0,1950.0,1.0,0.0,8.0,9.0,2.0,0.0,3.0,3.0,1.0,3.0,2.0,3.0,2.0,0.0,5.0,0.0,0.0,0.0,0.0,2.0,0.0,1.0,1040.0,0.0,0.0,1040.0,0.0,0.0,2.0,0.0,2.0,2.0,3.0,6.0,5.0,0.0,5.0,1949.0,2.0,2.0,400.0,4.0,4.0,2.0,0.0,0.0,0.0,0.0,0.0,0.0,0.0,7.0,2006.0,5.0,2.0,420549.33
60.0,2.0,66.0,13682.0,1.0,1.0,1.0,1.0,0.0,21.0,2.0,0.0,0.0,5.0,10.0,5.0,2006.0,2006.0,3.0,0.0,9.0,11.0,1.0,1031.0,0.0,3.0,2.0,0.0,2.0,1.0,5.0,0.0,5.0,0.0,1410.0,1410.0,0.0,0.0,1.0,3.0,1426.0,1519.0,0.0,2945.0,0.0,0.0,3.0,1.0,3.0,1.0,2.0,10.0,5.0,1.0,3.0,2006.0,0.0,3.0,641.0,4.0,4.0,2.0,192.0,0.0,37.0,0.0,0.0,0.0,0.0,10.0,2006.0,4.0,3.0,174344.47
20.0,2.0,47.0,16321.0,1.0,0.0,3.0,1.0,0.0,11.0,2.0,0.0,0.0,2.0,5.0,6.0,1957.0,1997.0,1.0,0.0,6.0,7.0,2.0,0.0,3.0,3.0,1.0,3.0,2.0,1.0,1.0,1277.0,5.0,0.0,207.0,1484.0,0.0,3.0,1.0,3.0,1600.0,0.0,0.0,1600.0,1.0,0.0,1.0,0.0,2.0,1.0,3.0,6.0,5.0,2.0,1.0,1957.0,1.0,1.0,319.0,4.0,4.0,2.0,288.0,258.0,0.0,0.0,0.0,0.0,0.0,12.0,2006.0,5.0,2.0,226858.91
60.0,2.0,76.0,10142.0,1.0,0.0,3.0,4.0,0.0,19.0,2.0,0.0,0.0,5.0,7.0,5.0,2004.0,2004.0,1.0,0.0,9.0,11.0,2.0,0.0,2.0,3.0,2.0,2.0,2.0,3.0,2.0,656.0,5.0,0.0,300.0,956.0,0.0,0.0,1.0,3.0,956.0,1128.0,0.0,2084.0,1.0,0.0,2.0,1.0,4.0,1.0,2.0,8.0,5.0,0.0,3.0,2004.0,1.0,2.0,618.0,4.0,4.0,2.0,0.0,45.0,0.0,0.0,0.0,0.0,0.0,1.0,2010.0,5.0,2.0,179325.53
50.0,3.0,51.0,6120.0,1.0,3.0,3.0,4.0,0.0,16.0,0.0,0.0,0.0,0.0,7.0,5.0,1931.0,1950.0,1.0,0.0,2.0,13.0,2.0,0.0,3.0,3.0,0.0,3.0,2.0,3.0,5.0,0.0,5.0,0.0,952.0,952.0,0.0,2.0,1.0,1.0,1022.0,752.0,0.0,1774.0,0.0,0.0,2.0,0.0,2.0,2.0,3.0,8.0,2.0,2.0,5.0,1931.0,2.0,2.0,468.0,1.0,4.0,2.0,90.0,0.0,205.0,0.0,0.0,0.0,0.0,4.0,2008.0,5.0,0.0,127486.45
50.0,2.0,90.0,5400.0,1.0,3.0,3.0,0.0,0.0,16.0,0.0,0.0,0.0,0.0,4.0,6.0,1920.0,1950.0,1.0,0.0,3.0,3.0,2.0,0.0,1.0,3.0,2.0,3.0,2.0,3.0,0.0,315.0,4.0,105.0,420.0,840.0,0.0,0.0,1.0,3.0,840.0,534.0,0.0,1374.0,0.0,0.0,1.0,0.0,2.0,1.0,3.0,6.0,5.0,0.0,5.0,1967.0,0.0,1.0,338.0,4.0,4.0,2.0,0.0,0.0,198.0,0.0,0.0,0.0,0.0,10.0,2009.0,5.0,2.0,109114.43
20.0,3.0,70.0,12702.0,1.0,3.0,3.0,4.0,0.0,16.0,2.0,0.0,0.0,2.0,5.0,5.0,1956.0,1956.0,1.0,0.0,2.0,2.0,2.0,0.0,3.0,3.0,2.0,3.0,2.0,3.0,2.0,0.0,5.0,0.0,0.0,0.0,0.0,2.0,1.0,0.0,882.0,0.0,0.0,882.0,0.0,0.0,1.0,0.0,2.0,1.0,3.0,4.0,5.0,0.0,5.0,1956.0,2.0,1.0,308.0,4.0,4.0,2.0,0.0,45.0,0.0,0.0,0.0,0.0,0.0,12.0,2008.0,5.0,2.0,200911.25
60.0,2.0,72.0,11317.0,1.0,3.0,3.0,4.0,0.0,4.0,2.0,0.0,0.0,5.0,7.0,5.0,2003.0,2003.0,1.0,0.0,9.0,11.0,1.0,101.0,2.0,3.0,2.0,2.0,2.0,3.0,5.0,0.0,5.0,0.0,840.0,840.0,0.0,0.0,1.0,3.0,840.0,828.0,0.0,1668.0,0.0,0.0,2.0,1.0,3.0,1.0,2.0,8.0,5.0,0.0,1.0,2003.0,1.0,2.0,500.0,4.0,4.0,2.0,144.0,68.0,0.0,0.0,0.0,0.0,0.0,9.0,2007.0,5.0,2.0,174017.75
160.0,1.0,40.0,3951.0,1.0,3.0,3.0,0.0,0.0,20.0,2.0,0.0,4.0,5.0,6.0,5.0,2009.0,2009.0,1.0,0.0,9.0,11.0,3.0,76.0,2.0,3.0,2.0,2.0,2.0,0.0,5.0,0.0,5.0,0.0,612.0,612.0,0.0,0.0,1.0,3.0,612.0,612.0,0.0,1224.0,0.0,0.0,2.0,1.0,2.0,1.0,2.0,4.0,5.0,0.0,5.0,2009.0,1.0,2.0,528.0,4.0,4.0,2.0,0.0,234.0,0.0,0.0,0.0,0.0,0.0,6.0,2009.0,4.0,3.0,143321.0
20.0,2.0,70.0,8414.0,1.0,3.0,3.0,4.0,0.0,18.0,2.0,0.0,0.0,2.0,6.0,8.0,1963.0,2003.0,3.0,0.0,5.0,5.0,2.0,0.0,3.0,3.0,1.0,3.0,2.0,3.0,2.0,663.0,5.0,0.0,396.0,1059.0,0.0,3.0,1.0,3.0,1068.0,0.0,0.0,1068.0,0.0,1.0,1.0,0.0,3.0,1.0,3.0,6.0,5.0,0.0,1.0,1963.0,1.0,1.0,264.0,4.0,4.0,2.0,192.0,0.0,0.0,0.0,0.0,0.0,0.0,2.0,2006.0,5.0,2.0,187736.02
60.0,2.0,63.0,8199.0,1.0,3.0,3.0,4.0,0.0,4.0,2.0,0.0,0.0,5.0,7.0,5.0,2005.0,2005.0,1.0,0.0,11.0,13.0,2.0,0.0,2.0,3.0,2.0,2.0,2.0,0.0,2.0,648.0,5.0,0.0,80.0,728.0,0.0,0.0,1.0,3.0,728.0,728.0,0.0,1456.0,1.0,0.0,2.0,1.0,3.0,1.0,2.0,7.0,5.0,1.0,1.0,2005.0,0.0,2.0,410.0,4.0,4.0,2.0,36.0,18.0,0.0,0.0,0.0,0.0,0.0,10.0,2008.0,5.0,2.0,106379.45
20.0,2.0,66.4251012145749,7340.0,1.0,0.0,3.0,4.0,0.0,11.0,2.0,0.0,0.0,2.0,4.0,6.0,1971.0,1971.0,1.0,0.0,5.0,5.0,2.0,0.0,3.0,3.0,1.0,3.0,2.0,3.0,0.0,322.0,5.0,0.0,536.0,858.0,0.0,3.0,1.0,3.0,858.0,0.0,0.0,858.0,0.0,0.0,1.0,0.0,2.0,1.0,3.0,4.0,5.0,0.0,5.0,1979.0,2.0,1.0,684.0,4.0,4.0,2.0,0.0,0.0,0.0,0.0,0.0,0.0,0.0,6.0,2007.0,5.0,2.0,107798.0
20.0,2.0,50.0,9405.0,1.0,3.0,3.0,4.0,0.0,6.0,2.0,0.0,0.0,2.0,5.0,9.0,1947.0,2008.0,3.0,0.0,9.0,11.0,2.0,0.0,3.0,0.0,1.0,3.0,2.0,3.0,5.0,0.0,5.0,0.0,698.0,698.0,0.0,0.0,1.0,3.0,698.0,0.0,0.0,698.0,0.0,1.0,1.0,0.0,2.0,1.0,3.0,4.0,5.0,0.0,1.0,1979.76,2.0,0.0,0.0,4.0,4.0,2.0,0.0,200.0,0.0,0.0,0.0,0.0,0.0,6.0,2009.0,5.0,2.0,176997.82
60.0,2.0,85.0,11475.0,1.0,3.0,3.0,4.0,0.0,13.0,6.0,0.0,0.0,5.0,6.0,6.0,1975.0,1975.0,1.0,0.0,9.0,11.0,2.0,0.0,3.0,3.0,1.0,2.0,2.0,3.0,0.0,550.0,5.0,0.0,163.0,713.0,0.0,3.0,1.0,3.0,811.0,741.0,0.0,1552.0,1.0,0.0,2.0,1.0,3.0,1.0,3.0,6.0,5.0,1.0,1.0,1975.0,1.0,2.0,434.0,4.0,4.0,2.0,209.0,208.0,0.0,0.0,0.0,0.0,0.0,2.0,2006.0,5.0,2.0,181385.5
80.0,2.0,66.4251012145749,17871.0,1.0,0.0,3.0,1.0,0.0,13.0,2.0,0.0,0.0,7.0,6.0,5.0,1967.0,1976.0,1.0,0.0,5.0,5.0,1.0,359.0,3.0,3.0,1.0,2.0,2.0,0.0,0.0,528.0,5.0,0.0,1152.0,1680.0,0.0,1.0,1.0,3.0,1724.0,0.0,0.0,1724.0,1.0,0.0,1.0,1.0,3.0,1.0,3.0,7.0,5.0,1.0,1.0,1967.0,1.0,2.0,480.0,4.0,4.0,2.0,0.0,0.0,0.0,0.0,0.0,0.0,0.0,6.0,2009.0,5.0,2.0,199342.21
50.0,2.0,138.0,18030.0,1.0,0.0,0.0,4.0,0.0,3.0,2.0,0.0,0.0,0.0,5.0,6.0,1946.0,1994.0,1.0,0.0,6.0,7.0,2.0,0.0,3.0,3.0,1.0,3.0,2.0,3.0,4.0,152.0,1.0,469.0,977.0,1598.0,0.0,3.0,1.0,3.0,1636.0,971.0,479.0,3086.0,0.0,0.0,3.0,0.0,3.0,1.0,0.0,12.0,0.0,1.0,1.0,1979.76,2.0,0.0,0.0,4.0,4.0,2.0,122.0,0.0,0.0,0.0,0.0,0.0,0.0,3.0,2007.0,5.0,2.0,126783.5
20.0,2.0,50.0,8000.0,1.0,3.0,3.0,4.0,0.0,11.0,2.0,0.0,0.0,2.0,6.0,6.0,1948.0,2002.0,1.0,0.0,9.0,11.0,2.0,0.0,3.0,2.0,1.0,3.0,2.0,3.0,0.0,680.0,5.0,0.0,292.0,972.0,0.0,0.0,1.0,3.0,972.0,0.0,0.0,972.0,1.0,0.0,1.0,0.0,2.0,1.0,3.0,5.0,5.0,1.0,5.0,1948.0,2.0,1.0,240.0,4.0,4.0,2.0,0.0,0.0,0.0,0.0,0.0,0.0,0.0,5.0,2009.0,5.0,2.0,177638.97
160.0,1.0,66.4251012145749,2117.0,1.0,3.0,3.0,4.0,0.0,20.0,2.0,0.0,4.0,5.0,6.0,5.0,2000.0,2000.0,1.0,0.0,6.0,7.0,1.0,513.0,2.0,3.0,2.0,2.0,2.0,3.0,2.0,420.0,5.0,0.0,336.0,756.0,0.0,0.0,1.0,3.0,756.0,756.0,0.0,1512.0,0.0,0.0,2.0,1.0,2.0,1.0,2.0,4.0,5.0,1.0,5.0,2000.0,2.0,2.0,440.0,4.0,4.0,2.0,0.0,32.0,0.0,0.0,0.0,0.0,0.0,6.0,2007.0,5.0,2.0,204175.47
20.0,2.0,63.0,8500.0,1.0,3.0,3.0,2.0,0.0,4.0,2.0,0.0,0.0,2.0,7.0,5.0,2004.0,2004.0,1.0,0.0,9.0,11.0,1.0,106.0,2.0,3.0,2.0,2.0,2.0,0.0,5.0,0.0,5.0,0.0,1422.0,1422.0,0.0,0.0,1.0,3.0,1422.0,0.0,0.0,1422.0,0.0,0.0,2.0,0.0,3.0,1.0,2.0,7.0,5.0,0.0,1.0,2004.0,1.0,2.0,626.0,4.0,4.0,2.0,192.0,60.0,0.0,0.0,0.0,0.0,0.0,11.0,2007.0,5.0,2.0,139020.31
80.0,2.0,37.0,7937.0,1.0,0.0,3.0,1.0,0.0,10.0,2.0,0.0,0.0,7.0,6.0,6.0,1984.0,1984.0,1.0,0.0,5.0,5.0,2.0,0.0,3.0,3.0,1.0,3.0,2.0,0.0,2.0,819.0,5.0,0.0,184.0,1003.0,0.0,3.0,1.0,3.0,1003.0,0.0,0.0,1003.0,1.0,0.0,1.0,0.0,3.0,1.0,3.0,6.0,5.0,0.0,5.0,1984.0,2.0,2.0,588.0,4.0,4.0,2.0,120.0,0.0,0.0,0.0,0.0,0.0,0.0,3.0,2006.0,5.0,2.0,199685.56
20.0,2.0,79.0,9236.0,1.0,0.0,3.0,4.0,0.0,4.0,2.0,0.0,0.0,2.0,6.0,5.0,1997.0,1997.0,1.0,0.0,9.0,11.0,2.0,0.0,3.0,2.0,2.0,2.0,2.0,1.0,2.0,1200.0,5.0,0.0,279.0,1479.0,0.0,0.0,1.0,3.0,1494.0,0.0,0.0,1494.0,1.0,0.0,2.0,0.0,3.0,1.0,2.0,6.0,5.0,0.0,1.0,1997.0,1.0,2.0,576.0,4.0,4.0,2.0,168.0,27.0,0.0,0.0,0.0,0.0,0.0,7.0,2006.0,5.0,2.0,113598.63
20.0,2.0,75.0,10215.0,1.0,3.0,0.0,4.0,0.0,6.0,2.0,0.0,0.0,2.0,4.0,5.0,1954.0,1954.0,3.0,0.0,10.0,12.0,1.0,132.0,3.0,3.0,2.0,3.0,2.0,3.0,0.0,492.0,5.0,0.0,372.0,864.0,0.0,0.0,1.0,3.0,948.0,0.0,0.0,948.0,0.0,0.0,1.0,0.0,3.0,1.0,3.0,5.0,5.0,0.0,1.0,1954.0,2.0,1.0,248.0,4.0,4.0,2.0,0.0,0.0,0.0,0.0,0.0,0.0,0.0,2.0,2007.0,5.0,2.0,133181.76
50.0,3.0,60.0,5586.0,1.0,0.0,0.0,4.0,0.0,16.0,1.0,0.0,0.0,0.0,6.0,7.0,1920.0,1998.0,1.0,0.0,6.0,7.0,2.0,0.0,3.0,3.0,0.0,3.0,2.0,3.0,5.0,0.0,5.0,0.0,901.0,901.0,0.0,2.0,1.0,3.0,1088.0,110.0,0.0,1198.0,0.0,0.0,1.0,0.0,4.0,1.0,3.0,7.0,5.0,0.0,1.0,1979.76,2.0,0.0,0.0,4.0,4.0,0.0,0.0,98.0,0.0,0.0,0.0,0.0,0.0,9.0,2008.0,2.0,0.0,252791.07
20.0,2.0,124.0,16158.0,1.0,0.0,2.0,4.0,1.0,21.0,2.0,0.0,0.0,2.0,7.0,5.0,2005.0,2005.0,3.0,0.0,9.0,11.0,3.0,16.0,2.0,3.0,2.0,0.0,2.0,0.0,0.0,1274.0,5.0,0.0,256.0,1530.0,0.0,0.0,1.0,3.0,1530.0,0.0,0.0,1530.0,1.0,0.0,2.0,0.0,3.0,1.0,2.0,7.0,5.0,1.0,1.0,2005.0,0.0,2.0,430.0,4.0,4.0,2.0,168.0,36.0,0.0,0.0,0.0,0.0,0.0,6.0,2009.0,5.0,2.0,192063.6
160.0,3.0,42.0,3964.0,1.0,3.0,3.0,4.0,0.0,9.0,2.0,0.0,4.0,5.0,6.0,4.0,1973.0,1973.0,1.0,0.0,4.0,4.0,2.0,0.0,3.0,3.0,1.0,2.0,2.0,3.0,0.0,837.0,5.0,0.0,105.0,942.0,0.0,2.0,1.0,3.0,1291.0,1230.0,0.0,2521.0,1.0,0.0,2.0,1.0,5.0,1.0,3.0,10.0,0.0,1.0,1.0,1973.0,0.0,2.0,576.0,4.0,4.0,2.0,728.0,20.0,0.0,0.0,0.0,0.0,0.0,6.0,2006.0,5.0,2.0,191699.0
60.0,2.0,60.0,6931.0,1.0,3.0,3.0,4.0,0.0,6.0,2.0,0.0,0.0,5.0,7.0,5.0,2003.0,2004.0,1.0,0.0,9.0,11.0,3.0,92.0,2.0,3.0,2.0,2.0,2.0,3.0,5.0,0.0,5.0,0.0,746.0,746.0,0.0,0.0,1.0,3.0,760.0,896.0,0.0,1656.0,0.0,0.0,2.0,1.0,3.0,1.0,2.0,7.0,5.0,1.0,3.0,2003.0,0.0,2.0,397.0,4.0,4.0,2.0,178.0,128.0,0.0,0.0,0.0,0.0,0.0,7.0,2008.0,5.0,2.0,132418.6
20.0,2.0,66.0,7742.0,1.0,3.0,3.0,4.0,0.0,18.0,2.0,0.0,0.0,2.0,5.0,7.0,1966.0,1966.0,1.0,0.0,5.0,5.0,2.0,0.0,3.0,3.0,1.0,3.0,2.0,3.0,1.0,763.0,5.0,0.0,192.0,955.0,0.0,0.0,1.0,3.0,955.0,0.0,0.0,955.0,1.0,0.0,1.0,0.0,3.0,1.0,3.0,6.0,5.0,0.0,1.0,1966.0,2.0,1.0,386.0,4.0,4.0,2.0,0.0,0.0,0.0,0.0,0.0,0.0,0.0,1.0,2007.0,5.0,2.0,218821.95
60.0,1.0,75.0,9000.0,1.0,3.0,3.0,4.0,0.0,20.0,2.0,0.0,0.0,5.0,8.0,5.0,2008.0,2008.0,1.0,0.0,9.0,11.0,2.0,0.0,2.0,3.0,2.0,2.0,2.0,3.0,5.0,0.0,5.0,0.0,768.0,768.0,0.0,0.0,1.0,3.0,786.0,804.0,0.0,1590.0,0.0,0.0,2.0,1.0,3.0,1.0,2.0,6.0,5.0,0.0,1.0,2008.0,1.0,2.0,676.0,4.0,4.0,2.0,0.0,30.0,0.0,0.0,0.0,0.0,0.0,6.0,2009.0,5.0,2.0,169789.17
20.0,2.0,60.0,7024.0,1.0,3.0,3.0,4.0,0.0,6.0,2.0,0.0,0.0,2.0,5.0,5.0,2005.0,2006.0,1.0,0.0,9.0,11.0,2.0,0.0,3.0,3.0,2.0,0.0,1.0,3.0,0.0,980.0,5.0,0.0,110.0,1090.0,0.0,2.0,1.0,3.0,1090.0,0.0,0.0,1090.0,1.0,0.0,1.0,1.0,2.0,1.0,3.0,5.0,5.0,0.0,1.0,2005.0,0.0,2.0,450.0,4.0,4.0,2.0,0.0,49.0,0.0,0.0,0.0,0.0,0.0,6.0,2007.0,5.0,2.0,127504.92
20.0,2.0,70.0,7535.0,1.0,0.0,3.0,4.0,0.0,11.0,2.0,0.0,0.0,2.0,5.0,7.0,1958.0,1985.0,1.0,0.0,6.0,7.0,2.0,0.0,3.0,3.0,1.0,3.0,2.0,3.0,1.0,111.0,3.0,279.0,522.0,912.0,0.0,1.0,1.0,3.0,912.0,0.0,0.0,912.0,0.0,1.0,1.0,0.0,2.0,1.0,3.0,5.0,5.0,0.0,1.0,1958.0,0.0,1.0,297.0,4.0,4.0,2.0,12.0,285.0,0.0,0.0,0.0,0.0,480.0,6.0,2007.0,5.0,2.0,142449.84
80.0,2.0,75.0,9750.0,1.0,3.0,3.0,4.0,0.0,11.0,2.0,0.0,0.0,7.0,5.0,5.0,1967.0,1967.0,1.0,0.0,9.0,11.0,2.0,0.0,3.0,3.0,2.0,3.0,2.0,0.0,0.0,400.0,4.0,480.0,100.0,980.0,0.0,2.0,1.0,3.0,980.0,0.0,0.0,980.0,0.0,0.0,2.0,0.0,3.0,1.0,3.0,6.0,5.0,0.0,1.0,1967.0,0.0,1.0,384.0,4.0,4.0,2.0,68.0,0.0,0.0,0.0,0.0,0.0,0.0,10.0,2006.0,5.0,2.0,282466.4
20.0,2.0,75.0,14587.0,1.0,0.0,3.0,4.0,0.0,20.0,2.0,0.0,0.0,2.0,9.0,5.0,2008.0,2008.0,1.0,0.0,9.0,11.0,3.0,284.0,2.0,3.0,2.0,2.0,2.0,3.0,5.0,0.0,5.0,0.0,1498.0,1498.0,0.0,0.0,1.0,3.0,1506.0,0.0,0.0,1506.0,0.0,0.0,2.0,0.0,2.0,1.0,0.0,6.0,5.0,1.0,1.0,2008.0,0.0,2.0,592.0,4.0,4.0,2.0,0.0,174.0,0.0,0.0,0.0,0.0,0.0,8.0,2008.0,4.0,3.0,135906.7
20.0,2.0,66.4251012145749,8750.0,1.0,0.0,3.0,4.0,0.0,11.0,2.0,0.0,0.0,2.0,5.0,6.0,1970.0,1970.0,1.0,0.0,6.0,7.0,1.0,76.0,3.0,3.0,1.0,3.0,2.0,3.0,1.0,828.0,5.0,0.0,174.0,1002.0,0.0,3.0,1.0,3.0,1002.0,0.0,0.0,1002.0,1.0,0.0,1.0,0.0,3.0,1.0,3.0,5.0,5.0,0.0,5.0,1973.0,2.0,2.0,902.0,4.0,4.0,2.0,0.0,0.0,0.0,0.0,0.0,0.0,0.0,8.0,2009.0,5.0,2.0,383049.77
60.0,2.0,110.0,13688.0,1.0,0.0,3.0,4.0,0.0,15.0,2.0,0.0,0.0,5.0,9.0,5.0,2003.0,2004.0,1.0,0.0,9.0,11.0,1.0,664.0,2.0,3.0,2.0,0.0,2.0,0.0,2.0,1016.0,5.0,0.0,556.0,1572.0,0.0,0.0,1.0,3.0,1572.0,1096.0,0.0,2668.0,1.0,0.0,2.0,1.0,3.0,1.0,0.0,10.0,5.0,2.0,3.0,2003.0,0.0,3.0,726.0,4.0,4.0,2.0,400.0,0.0,0.0,0.0,0.0,0.0,0.0,3.0,2008.0,5.0,2.0,131145.31
50.0,3.0,60.0,9600.0,1.0,3.0,3.0,4.0,0.0,16.0,2.0,0.0,0.0,0.0,5.0,8.0,1925.0,1994.0,2.0,0.0,9.0,11.0,2.0,0.0,3.0,3.0,2.0,3.0,2.0,2.0,5.0,0.0,5.0,0.0,702.0,702.0,0.0,2.0,1.0,3.0,842.0,630.0,0.0,1472.0,0.0,0.0,1.0,0.0,3.0,1.0,2.0,6.0,5.0,0.0,5.0,1925.0,2.0,1.0,250.0,4.0,1.0,1.0,0.0,0.0,84.0,0.0,0.0,0.0,0.0,7.0,2007.0,5.0,2.0,115311.33
20.0,2.0,57.0,7677.0,1.0,3.0,3.0,4.0,0.0,11.0,2.0,0.0,0.0,2.0,5.0,5.0,1953.0,1953.0,1.0,0.0,9.0,11.0,2.0,0.0,3.0,3.0,1.0,3.0,2.0,3.0,1.0,570.0,5.0,0.0,203.0,773.0,0.0,2.0,1.0,3.0,773.0,0.0,0.0,773.0,0.0,0.0,1.0,0.0,2.0,1.0,3.0,4.0,5.0,0.0,1.0,1953.0,2.0,1.0,240.0,4.0,4.0,2.0,0.0,0.0,0.0,0.0,0.0,0.0,0.0,4.0,2008.0,5.0,0.0,153813.0
50.0,2.0,51.0,6171.0,1.0,3.0,3.0,4.0,0.0,17.0,2.0,0.0,0.0,0.0,6.0,6.0,1925.0,1990.0,1.0,0.0,11.0,13.0,2.0,0.0,3.0,3.0,0.0,3.0,2.0,3.0,1.0,264.0,5.0,0.0,712.0,976.0,0.0,0.0,1.0,3.0,1160.0,448.0,0.0,1608.0,0.0,0.0,2.0,1.0,3.0,1.0,2.0,7.0,5.0,1.0,5.0,1925.0,2.0,1.0,216.0,1.0,4.0,2.0,147.0,16.0,0.0,0.0,0.0,0.0,0.0,10.0,2009.0,5.0,2.0,144959.71
50.0,2.0,85.0,14115.0,1.0,0.0,3.0,4.0,0.0,10.0,2.0,0.0,0.0,0.0,5.0,5.0,1993.0,1995.0,1.0,0.0,9.0,11.0,2.0,0.0,3.0,3.0,5.0,2.0,2.0,3.0,2.0,732.0,5.0,0.0,64.0,796.0,0.0,0.0,1.0,3.0,796.0,566.0,0.0,1362.0,1.0,0.0,1.0,1.0,1.0,1.0,3.0,5.0,5.0,0.0,1.0,1993.0,2.0,2.0,480.0,4.0,4.0,2.0,40.0,30.0,0.0,320.0,0.0,0.0,700.0,10.0,2009.0,5.0,2.0,206263.95
60.0,2.0,89.0,11645.0,1.0,0.0,3.0,0.0,0.0,4.0,2.0,0.0,0.0,5.0,7.0,5.0,2004.0,2004.0,1.0,0.0,9.0,11.0,2.0,0.0,2.0,3.0,2.0,2.0,2.0,3.0,5.0,0.0,5.0,0.0,860.0,860.0,0.0,0.0,1.0,3.0,860.0,860.0,0.0,1720.0,0.0,0.0,2.0,1.0,3.0,1.0,2.0,7.0,5.0,0.0,1.0,2004.0,1.0,2.0,565.0,4.0,4.0,2.0,0.0,70.0,0.0,0.0,0.0,0.0,0.0,8.0,2006.0,5.0,2.0,165796.6
20.0,2.0,80.0,17400.0,1.0,3.0,2.0,4.0,1.0,10.0,2.0,0.0,0.0,2.0,5.0,5.0,1977.0,1977.0,1.0,0.0,2.0,2.0,2.0,0.0,3.0,3.0,1.0,3.0,2.0,3.0,0.0,936.0,5.0,0.0,190.0,1126.0,0.0,1.0,1.0,3.0,1126.0,0.0,0.0,1126.0,1.0,0.0,2.0,0.0,3.0,1.0,3.0,5.0,5.0,1.0,1.0,1977.0,1.0,2.0,484.0,4.0,4.0,1.0,295.0,41.0,0.0,0.0,0.0,0.0,0.0,5.0,2006.0,5.0,2.0,249450.11
20.0,2.0,67.0,10656.0,1.0,0.0,1.0,4.0,0.0,22.0,2.0,0.0,0.0,2.0,8.0,5.0,2006.0,2007.0,1.0,0.0,9.0,11.0,3.0,274.0,2.0,3.0,2.0,2.0,2.0,0.0,5.0,0.0,5.0,0.0,1638.0,1638.0,0.0,0.0,1.0,3.0,1646.0,0.0,0.0,1646.0,0.0,0.0,2.0,0.0,3.0,1.0,2.0,6.0,5.0,1.0,1.0,2007.0,1.0,3.0,870.0,4.0,4.0,2.0,192.0,80.0,0.0,0.0,0.0,0.0,0.0,11.0,2007.0,4.0,3.0,172260.66
160.0,1.0,24.0,2572.0,1.0,3.0,3.0,2.0,0.0,20.0,2.0,0.0,3.0,5.0,7.0,5.0,1999.0,1999.0,3.0,0.0,6.0,7.0,2.0,0.0,2.0,3.0,2.0,2.0,2.0,3.0,0.0,604.0,5.0,0.0,92.0,696.0,0.0,0.0,1.0,3.0,696.0,720.0,0.0,1416.0,1.0,0.0,2.0,1.0,3.0,1.0,2.0,6.0,5.0,0.0,5.0,1999.0,2.0,2.0,484.0,4.0,4.0,2.0,0.0,44.0,0.0,0.0,0.0,0.0,0.0,5.0,2010.0,5.0,2.0,405241.79
20.0,2.0,105.0,15431.0,1.0,3.0,3.0,4.0,0.0,15.0,2.0,0.0,0.0,2.0,10.0,5.0,2008.0,2008.0,3.0,0.0,9.0,11.0,3.0,200.0,0.0,3.0,2.0,0.0,2.0,1.0,2.0,1767.0,0.0,539.0,788.0,3094.0,0.0,0.0,1.0,3.0,2402.0,0.0,0.0,2402.0,1.0,0.0,2.0,0.0,2.0,1.0,0.0,10.0,5.0,2.0,1.0,2008.0,0.0,3.0,672.0,4.0,4.0,2.0,0.0,72.0,0.0,0.0,170.0,0.0,0.0,4.0,2009.0,5.0,2.0,342492.11
20.0,2.0,98.0,16033.0,1.0,0.0,3.0,2.0,0.0,15.0,2.0,0.0,0.0,2.0,9.0,5.0,2004.0,2005.0,3.0,0.0,9.0,11.0,1.0,378.0,2.0,3.0,2.0,0.0,2.0,1.0,2.0,1261.0,5.0,0.0,572.0,1833.0,0.0,0.0,1.0,3.0,1850.0,0.0,0.0,1850.0,1.0,0.0,2.0,0.0,3.0,1.0,2.0,8.0,5.0,1.0,1.0,2004.0,0.0,3.0,772.0,4.0,4.0,2.0,519.0,112.0,0.0,0.0,0.0,0.0,0.0,3.0,2006.0,5.0,2.0,212282.0
50.0,2.0,66.4251012145749,15660.0,1.0,0.0,3.0,0.0,0.0,5.0,2.0,0.0,0.0,0.0,7.0,9.0,1939.0,2006.0,1.0,0.0,9.0,11.0,1.0,312.0,2.0,2.0,1.0,3.0,2.0,3.0,1.0,341.0,5.0,0.0,457.0,798.0,0.0,0.0,1.0,3.0,1137.0,817.0,0.0,1954.0,0.0,1.0,1.0,1.0,3.0,1.0,2.0,8.0,5.0,2.0,1.0,1939.0,2.0,2.0,431.0,4.0,4.0,2.0,0.0,119.0,150.0,0.0,0.0,0.0,0.0,5.0,2008.0,5.0,2.0,105151.83
45.0,3.0,55.0,4388.0,1.0,0.0,0.0,4.0,0.0,16.0,1.0,0.0,0.0,1.0,5.0,7.0,1930.0,1950.0,1.0,0.0,11.0,12.0,2.0,0.0,3.0,2.0,0.0,3.0,2.0,3.0,3.0,116.0,5.0,0.0,556.0,672.0,0.0,0.0,1.0,3.0,840.0,0.0,0.0,840.0,0.0,0.0,1.0,0.0,3.0,1.0,3.0,5.0,5.0,1.0,1.0,1979.76,2.0,0.0,0.0,4.0,4.0,0.0,0.0,0.0,0.0,0.0,0.0,0.0,0.0,6.0,2007.0,5.0,2.0,176614.77
60.0,2.0,65.0,8125.0,1.0,3.0,3.0,4.0,0.0,7.0,2.0,0.0,0.0,5.0,6.0,5.0,1994.0,1995.0,1.0,0.0,5.0,5.0,2.0,0.0,3.0,3.0,2.0,2.0,2.0,3.0,5.0,0.0,5.0,0.0,702.0,702.0,0.0,2.0,1.0,3.0,702.0,779.0,0.0,1481.0,0.0,0.0,2.0,1.0,3.0,1.0,3.0,6.0,5.0,1.0,1.0,1994.0,0.0,2.0,343.0,4.0,4.0,2.0,0.0,36.0,0.0,0.0,0.0,0.0,0.0,3.0,2009.0,5.0,2.0,155380.0
60.0,2.0,66.4251012145749,10900.0,1.0,0.0,3.0,2.0,0.0,4.0,2.0,0.0,0.0,5.0,6.0,7.0,1977.0,1977.0,1.0,0.0,5.0,5.0,1.0,153.0,3.0,3.0,1.0,2.0,2.0,3.0,2.0,378.0,5.0,0.0,311.0,689.0,0.0,0.0,1.0,3.0,689.0,703.0,0.0,1392.0,0.0,0.0,1.0,1.0,3.0,1.0,3.0,6.0,5.0,0.0,1.0,1977.0,0.0,1.0,299.0,4.0,4.0,2.0,0.0,36.0,0.0,0.0,0.0,0.0,450.0,3.0,2010.0,5.0,2.0,118459.0
160.0,3.0,21.0,1680.0,1.0,3.0,3.0,4.0,0.0,1.0,2.0,0.0,3.0,5.0,6.0,7.0,1972.0,1972.0,1.0,0.0,5.0,5.0,1.0,281.0,3.0,3.0,1.0,3.0,2.0,3.0,1.0,317.0,5.0,0.0,355.0,672.0,0.0,2.0,1.0,3.0,672.0,546.0,0.0,1218.0,0.0,1.0,1.0,1.0,3.0,1.0,3.0,7.0,5.0,0.0,5.0,1972.0,2.0,1.0,264.0,4.0,4.0,2.0,0.0,28.0,0.0,0.0,0.0,0.0,0.0,5.0,2006.0,5.0,2.0,215956.23
20.0,2.0,75.0,9750.0,1.0,3.0,3.0,4.0,0.0,4.0,2.0,0.0,0.0,2.0,7.0,5.0,2000.0,2001.0,1.0,0.0,9.0,11.0,1.0,171.0,2.0,3.0,2.0,2.0,2.0,3.0,5.0,0.0,5.0,0.0,1630.0,1630.0,0.0,0.0,1.0,3.0,1630.0,0.0,0.0,1630.0,0.0,0.0,2.0,0.0,3.0,1.0,2.0,6.0,5.0,1.0,1.0,2000.0,2.0,2.0,451.0,4.0,4.0,2.0,74.0,234.0,0.0,0.0,0.0,0.0,0.0,10.0,2009.0,5.0,2.0,201372.18
80.0,2.0,85.0,10200.0,1.0,3.0,3.0,4.0,0.0,22.0,2.0,0.0,0.0,7.0,6.0,5.0,1988.0,1989.0,1.0,0.0,5.0,5.0,1.0,219.0,2.0,3.0,1.0,2.0,2.0,0.0,2.0,783.0,5.0,0.0,678.0,1461.0,0.0,0.0,1.0,3.0,1509.0,0.0,0.0,1509.0,1.0,0.0,2.0,0.0,3.0,1.0,2.0,5.0,5.0,1.0,1.0,1988.0,1.0,2.0,600.0,4.0,4.0,2.0,224.0,0.0,0.0,0.0,0.0,0.0,0.0,8.0,2008.0,5.0,0.0,96463.0
30.0,2.0,58.0,9098.0,1.0,0.0,3.0,4.0,0.0,6.0,2.0,0.0,0.0,2.0,4.0,7.0,1920.0,2002.0,1.0,0.0,10.0,12.0,2.0,0.0,3.0,3.0,0.0,3.0,2.0,2.0,0.0,348.0,5.0,0.0,180.0,528.0,0.0,0.0,1.0,3.0,605.0,0.0,0.0,605.0,1.0,0.0,1.0,0.0,2.0,1.0,3.0,5.0,5.0,0.0,1.0,1979.76,2.0,0.0,0.0,4.0,4.0,0.0,0.0,0.0,144.0,0.0,0.0,0.0,0.0,7.0,2007.0,5.0,2.0,135379.5
50.0,2.0,65.0,6435.0,1.0,3.0,3.0,4.0,0.0,2.0,6.0,0.0,0.0,0.0,6.0,5.0,1939.0,1950.0,1.0,0.0,6.0,7.0,2.0,0.0,3.0,3.0,0.0,3.0,2.0,3.0,5.0,0.0,5.0,0.0,972.0,972.0,0.0,2.0,1.0,3.0,972.0,605.0,0.0,1577.0,0.0,0.0,1.0,0.0,3.0,1.0,1.0,6.0,5.0,1.0,5.0,1939.0,2.0,1.0,312.0,4.0,4.0,2.0,0.0,0.0,0.0,0.0,0.0,0.0,0.0,10.0,2006.0,5.0,2.0,67110.94
30.0,2.0,45.0,8248.0,1.0,3.0,3.0,4.0,0.0,6.0,2.0,0.0,0.0,2.0,3.0,3.0,1914.0,1950.0,1.0,0.0,8.0,10.0,2.0,0.0,3.0,3.0,0.0,3.0,2.0,3.0,1.0,41.0,5.0,0.0,823.0,864.0,0.0,3.0,0.0,1.0,864.0,0.0,0.0,864.0,1.0,0.0,1.0,0.0,2.0,1.0,3.0,5.0,5.0,0.0,1.0,1979.76,2.0,0.0,0.0,4.0,4.0,0.0,0.0,0.0,100.0,0.0,0.0,0.0,0.0,9.0,2008.0,5.0,2.0,163022.64
120.0,3.0,66.4251012145749,4500.0,1.0,3.0,3.0,2.0,0.0,10.0,2.0,0.0,4.0,2.0,6.0,5.0,1999.0,1999.0,3.0,0.0,9.0,11.0,1.0,425.0,3.0,3.0,2.0,0.0,2.0,3.0,2.0,883.0,5.0,0.0,341.0,1224.0,0.0,0.0,1.0,3.0,1224.0,0.0,0.0,1224.0,1.0,0.0,2.0,0.0,2.0,1.0,3.0,5.0,5.0,0.0,1.0,1999.0,0.0,2.0,402.0,4.0,4.0,2.0,0.0,304.0,0.0,0.0,0.0,0.0,0.0,6.0,2009.0,5.0,2.0,196804.07
20.0,2.0,64.0,6762.0,1.0,3.0,3.0,4.0,0.0,4.0,2.0,0.0,0.0,2.0,7.0,5.0,2006.0,2006.0,1.0,0.0,9.0,11.0,3.0,24.0,2.0,3.0,2.0,2.0,2.0,0.0,2.0,686.0,5.0,0.0,501.0,1187.0,0.0,0.0,1.0,3.0,1208.0,0.0,0.0,1208.0,1.0,0.0,2.0,0.0,2.0,1.0,2.0,6.0,5.0,0.0,1.0,2006.0,1.0,2.0,632.0,4.0,4.0,2.0,105.0,61.0,0.0,0.0,0.0,0.0,0.0,2.0,2010.0,5.0,2.0,123407.66
20.0,2.0,70.0,9100.0,1.0,3.0,3.0,4.0,0.0,11.0,2.0,0.0,0.0,2.0,6.0,6.0,1959.0,1959.0,3.0,0.0,10.0,12.0,2.0,0.0,3.0,3.0,1.0,3.0,2.0,3.0,4.0,612.0,5.0,0.0,252.0,864.0,0.0,0.0,1.0,3.0,864.0,0.0,0.0,864.0,0.0,0.0,1.0,0.0,2.0,1.0,3.0,5.0,5.0,0.0,5.0,2008.0,2.0,1.0,300.0,0.0,0.0,2.0,0.0,0.0,0.0,0.0,0.0,0.0,450.0,10.0,2009.0,5.0,2.0,148497.75
90.0,2.0,91.0,11643.0,1.0,3.0,3.0,4.0,0.0,11.0,0.0,0.0,2.0,5.0,5.0,5.0,1969.0,1969.0,1.0,0.0,6.0,7.0,1.0,368.0,3.0,3.0,1.0,3.0,2.0,3.0,3.0,500.0,5.0,0.0,748.0,1248.0,0.0,3.0,1.0,3.0,1338.0,1296.0,0.0,2634.0,1.0,1.0,2.0,2.0,6.0,2.0,3.0,12.0,5.0,0.0,5.0,1969.0,2.0,4.0,968.0,4.0,4.0,2.0,0.0,0.0,0.0,0.0,0.0,0.0,0.0,8.0,2009.0,5.0,2.0,148972.68
120.0,3.0,66.4251012145749,4426.0,1.0,3.0,3.0,4.0,0.0,4.0,2.0,0.0,4.0,2.0,6.0,5.0,2004.0,2004.0,1.0,0.0,9.0,11.0,1.0,147.0,2.0,3.0,2.0,2.0,2.0,0.0,2.0,697.0,5.0,0.0,151.0,848.0,0.0,0.0,1.0,3.0,848.0,0.0,0.0,848.0,1.0,0.0,1.0,0.0,1.0,1.0,2.0,3.0,5.0,1.0,1.0,2004.0,1.0,2.0,420.0,4.0,4.0,2.0,149.0,0.0,0.0,0.0,0.0,0.0,0.0,5.0,2008.0,5.0,2.0,118750.5
160.0,3.0,21.0,1680.0,1.0,3.0,3.0,4.0,0.0,1.0,2.0,0.0,3.0,5.0,6.0,5.0,1972.0,1972.0,1.0,0.0,5.0,5.0,1.0,297.0,3.0,3.0,1.0,3.0,2.0,3.0,5.0,0.0,5.0,0.0,483.0,483.0,0.0,3.0,1.0,3.0,483.0,504.0,0.0,987.0,0.0,0.0,1.0,1.0,2.0,1.0,3.0,5.0,5.0,1.0,1.0,1972.0,2.0,1.0,288.0,4.0,4.0,2.0,0.0,0.0,0.0,0.0,0.0,0.0,0.0,6.0,2006.0,5.0,2.0,263585.93
60.0,2.0,78.0,12011.0,1.0,0.0,3.0,1.0,0.0,14.0,2.0,0.0,0.0,5.0,8.0,5.0,1998.0,1998.0,1.0,0.0,9.0,11.0,1.0,530.0,2.0,3.0,2.0,2.0,2.0,0.0,2.0,956.0,5.0,0.0,130.0,1086.0,0.0,0.0,1.0,3.0,1086.0,838.0,0.0,1924.0,1.0,0.0,2.0,1.0,3.0,1.0,2.0,7.0,5.0,1.0,1.0,1998.0,1.0,2.0,592.0,4.0,4.0,2.0,208.0,75.0,0.0,0.0,374.0,0.0,0.0,6.0,2006.0,5.0,2.0,301558.65
120.0,1.0,50.0,5119.0,1.0,0.0,3.0,1.0,0.0,20.0,2.0,0.0,4.0,2.0,9.0,5.0,1999.0,2000.0,1.0,0.0,6.0,7.0,1.0,60.0,2.0,3.0,2.0,0.0,2.0,0.0,2.0,1238.0,5.0,0.0,460.0,1698.0,0.0,0.0,1.0,3.0,1709.0,0.0,0.0,1709.0,1.0,0.0,2.0,0.0,2.0,1.0,2.0,5.0,5.0,1.0,1.0,1999.0,0.0,2.0,506.0,4.0,4.0,2.0,97.0,65.0,0.0,0.0,0.0,0.0,0.0,1.0,2008.0,1.0,0.0,130560.8
20.0,2.0,70.0,11200.0,1.0,3.0,3.0,4.0,0.0,18.0,2.0,0.0,0.0,2.0,5.0,5.0,1965.0,1965.0,3.0,0.0,5.0,5.0,2.0,0.0,3.0,3.0,1.0,3.0,2.0,3.0,4.0,906.0,5.0,0.0,134.0,1040.0,0.0,0.0,1.0,3.0,1040.0,0.0,0.0,1040.0,1.0,0.0,1.0,0.0,3.0,1.0,3.0,5.0,5.0,0.0,5.0,1965.0,2.0,1.0,384.0,4.0,4.0,2.0,0.0,0.0,0.0,0.0,0.0,0.0,0.0,2.0,2008.0,5.0,2.0,126358.0
20.0,2.0,60.0,7332.0,1.0,3.0,3.0,4.0,0.0,11.0,2.0,0.0,0.0,2.0,6.0,6.0,1959.0,1959.0,1.0,0.0,11.0,13.0,1.0,207.0,3.0,3.0,1.0,3.0,2.0,3.0,1.0,414.0,5.0,0.0,450.0,864.0,0.0,0.0,1.0,3.0,864.0,0.0,0.0,864.0,1.0,0.0,1.0,0.0,2.0,1.0,2.0,4.0,5.0,0.0,1.0,1959.0,2.0,1.0,288.0,4.0,4.0,2.0,168.0,0.0,0.0,0.0,0.0,0.0,0.0,10.0,2006.0,5.0,0.0,243955.27
60.0,1.0,85.0,10625.0,1.0,3.0,3.0,4.0,0.0,20.0,2.0,0.0,0.0,5.0,7.0,5.0,2005.0,2005.0,1.0,0.0,4.0,4.0,2.0,0.0,2.0,3.0,2.0,2.0,2.0,3.0,5.0,0.0,5.0,0.0,1026.0,1026.0,0.0,0.0,1.0,3.0,1026.0,932.0,0.0,1958.0,0.0,0.0,2.0,1.0,3.0,1.0,2.0,9.0,5.0,1.0,1.0,2005.0,0.0,3.0,936.0,4.0,4.0,2.0,154.0,210.0,0.0,0.0,0.0,0.0,0.0,7.0,2008.0,5.0,2.0,153350.5
20.0,2.0,80.0,11600.0,1.0,3.0,3.0,4.0,0.0,11.0,2.0,0.0,0.0,2.0,6.0,5.0,1960.0,1960.0,3.0,0.0,10.0,12.0,1.0,175.0,3.0,3.0,1.0,3.0,2.0,3.0,4.0,565.0,5.0,0.0,818.0,1383.0,0.0,3.0,1.0,3.0,1383.0,0.0,0.0,1383.0,0.0,0.0,1.0,1.0,3.0,1.0,3.0,7.0,5.0,0.0,1.0,1960.0,1.0,1.0,292.0,4.0,4.0,2.0,0.0,45.0,0.0,0.0,0.0,0.0,0.0,4.0,2006.0,5.0,2.0,119495.72
190.0,3.0,60.0,11340.0,1.0,3.0,3.0,4.0,0.0,16.0,2.0,0.0,1.0,5.0,4.0,6.0,1885.0,1950.0,1.0,0.0,9.0,0.0,2.0,0.0,3.0,3.0,2.0,3.0,2.0,3.0,5.0,0.0,5.0,0.0,777.0,777.0,0.0,2.0,1.0,3.0,1246.0,1044.0,0.0,2290.0,0.0,0.0,2.0,0.0,4.0,2.0,3.0,11.0,5.0,0.0,5.0,1971.0,2.0,2.0,560.0,4.0,4.0,0.0,0.0,0.0,114.0,0.0,0.0,0.0,0.0,4.0,2010.0,5.0,2.0,143840.0
160.0,3.0,24.0,2522.0,1.0,3.0,3.0,4.0,0.0,6.0,2.0,0.0,3.0,5.0,7.0,5.0,2004.0,2004.0,1.0,0.0,9.0,11.0,3.0,50.0,2.0,3.0,2.0,2.0,2.0,3.0,5.0,0.0,5.0,0.0,970.0,970.0,0.0,0.0,1.0,3.0,970.0,739.0,0.0,1709.0,0.0,0.0,2.0,0.0,3.0,1.0,2.0,7.0,0.0,0.0,5.0,2004.0,2.0,2.0,380.0,4.0,4.0,2.0,0.0,40.0,0.0,0.0,0.0,0.0,0.0,4.0,2006.0,5.0,2.0,105968.0
30.0,3.0,40.0,3880.0,1.0,3.0,3.0,4.0,0.0,16.0,2.0,0.0,0.0,2.0,5.0,9.0,1945.0,1997.0,1.0,0.0,9.0,11.0,2.0,0.0,3.0,2.0,1.0,3.0,2.0,3.0,0.0,329.0,5.0,0.0,357.0,686.0,0.0,2.0,1.0,3.0,866.0,0.0,0.0,866.0,0.0,0.0,1.0,0.0,2.0,1.0,2.0,4.0,5.0,0.0,1.0,1979.76,2.0,0.0,0.0,4.0,4.0,2.0,58.0,42.0,0.0,0.0,0.0,0.0,0.0,8.0,2007.0,5.0,2.0,160832.34
75.0,3.0,65.0,8850.0,1.0,0.0,0.0,0.0,0.0,16.0,2.0,0.0,0.0,4.0,7.0,6.0,1916.0,1950.0,1.0,0.0,6.0,7.0,2.0,0.0,3.0,3.0,0.0,3.0,2.0,3.0,5.0,0.0,5.0,0.0,815.0,815.0,0.0,0.0,1.0,3.0,815.0,875.0,0.0,1690.0,0.0,0.0,1.0,0.0,3.0,1.0,3.0,7.0,5.0,1.0,5.0,1916.0,2.0,1.0,225.0,4.0,4.0,2.0,0.0,0.0,330.0,0.0,0.0,0.0,0.0,7.0,2006.0,3.0,2.0,152718.22
50.0,2.0,79.0,9490.0,1.0,3.0,3.0,4.0,0.0,11.0,0.0,0.0,0.0,0.0,6.0,7.0,1941.0,1950.0,1.0,0.0,10.0,12.0,2.0,0.0,3.0,3.0,1.0,3.0,2.0,3.0,1.0,403.0,4.0,165.0,238.0,806.0,0.0,3.0,1.0,0.0,958.0,620.0,0.0,1578.0,1.0,0.0,1.0,0.0,3.0,1.0,1.0,5.0,5.0,2.0,1.0,1941.0,2.0,1.0,240.0,4.0,4.0,2.0,0.0,0.0,32.0,0.0,0.0,0.0,0.0,8.0,2006.0,5.0,2.0,186740.39
20.0,2.0,65.0,8450.0,1.0,3.0,3.0,4.0,0.0,19.0,2.0,0.0,0.0,2.0,7.0,5.0,2000.0,2001.0,1.0,0.0,9.0,11.0,1.0,108.0,3.0,3.0,2.0,2.0,2.0,3.0,5.0,0.0,5.0,0.0,1349.0,1349.0,0.0,0.0,1.0,3.0,1349.0,0.0,0.0,1349.0,0.0,0.0,2.0,0.0,3.0,1.0,3.0,6.0,5.0,0.0,1.0,2000.0,2.0,2.0,539.0,4.0,4.0,2.0,120.0,55.0,0.0,0.0,0.0,0.0,0.0,12.0,2007.0,5.0,2.0,102108.6
30.0,2.0,56.0,4060.0,1.0,3.0,3.0,0.0,0.0,6.0,1.0,0.0,0.0,2.0,5.0,8.0,1922.0,1950.0,1.0,0.0,10.0,12.0,2.0,0.0,3.0,3.0,2.0,1.0,2.0,3.0,5.0,0.0,5.0,0.0,864.0,864.0,0.0,0.0,1.0,3.0,864.0,0.0,0.0,864.0,0.0,0.0,1.0,0.0,2.0,1.0,3.0,4.0,5.0,0.0,1.0,1979.76,2.0,0.0,0.0,4.0,4.0,2.0,0.0,96.0,0.0,0.0,0.0,0.0,0.0,7.0,2009.0,5.0,2.0,216367.11
70.0,3.0,50.0,5250.0,1.0,3.0,3.0,4.0,0.0,16.0,2.0,0.0,0.0,5.0,8.0,5.0,1872.0,1987.0,1.0,0.0,6.0,7.0,2.0,0.0,3.0,2.0,0.0,3.0,0.0,3.0,3.0,259.0,5.0,0.0,425.0,684.0,3.0,1.0,0.0,3.0,938.0,1215.0,205.0,2358.0,0.0,0.0,2.0,0.0,4.0,1.0,3.0,8.0,5.0,0.0,1.0,1979.76,2.0,0.0,0.0,4.0,4.0,2.0,0.0,54.0,20.0,0.0,0.0,0.0,0.0,12.0,2008.0,5.0,2.0,147023.68
120.0,3.0,66.4251012145749,4426.0,1.0,3.0,3.0,4.0,0.0,4.0,2.0,0.0,4.0,2.0,6.0,5.0,2004.0,2004.0,1.0,0.0,9.0,11.0,1.0,169.0,2.0,3.0,2.0,2.0,2.0,0.0,2.0,662.0,5.0,0.0,186.0,848.0,0.0,0.0,1.0,3.0,848.0,0.0,0.0,848.0,1.0,0.0,1.0,0.0,1.0,1.0,2.0,3.0,5.0,0.0,1.0,2004.0,1.0,2.0,420.0,4.0,4.0,2.0,160.0,0.0,0.0,0.0,0.0,0.0,0.0,5.0,2010.0,5.0,2.0,139875.78
90.0,2.0,92.0,12108.0,1.0,3.0,3.0,4.0,0.0,6.0,2.0,0.0,2.0,2.0,4.0,4.0,1955.0,1955.0,1.0,0.0,9.0,11.0,1.0,270.0,3.0,3.0,1.0,3.0,2.0,3.0,0.0,133.0,5.0,0.0,1307.0,1440.0,0.0,3.0,0.0,1.0,1440.0,0.0,0.0,1440.0,0.0,0.0,2.0,0.0,4.0,2.0,1.0,8.0,5.0,0.0,1.0,1979.76,2.0,0.0,0.0,4.0,4.0,2.0,0.0,0.0,0.0,0.0,0.0,0.0,0.0,9.0,2008.0,5.0,2.0,122289.08
20.0,2.0,60.0,8070.0,1.0,3.0,3.0,4.0,0.0,4.0,2.0,0.0,0.0,2.0,4.0,5.0,1994.0,1995.0,1.0,0.0,9.0,11.0,2.0,0.0,3.0,3.0,2.0,2.0,2.0,3.0,2.0,588.0,5.0,0.0,402.0,990.0,0.0,0.0,1.0,3.0,990.0,0.0,0.0,990.0,1.0,0.0,1.0,0.0,3.0,1.0,3.0,5.0,5.0,0.0,1.0,1979.76,2.0,0.0,0.0,4.0,4.0,2.0,0.0,0.0,0.0,0.0,0.0,0.0,0.0,8.0,2007.0,5.0,2.0,174050.84
20.0,2.0,66.4251012145749,12155.0,1.0,2.0,3.0,4.0,0.0,11.0,4.0,0.0,0.0,2.0,6.0,3.0,1970.0,1970.0,1.0,0.0,7.0,8.0,2.0,0.0,3.0,3.0,1.0,2.0,2.0,3.0,3.0,1237.0,5.0,0.0,420.0,1657.0,0.0,2.0,1.0,3.0,1657.0,0.0,0.0,1657.0,0.0,1.0,2.0,0.0,3.0,1.0,3.0,7.0,5.0,1.0,1.0,1970.0,2.0,2.0,484.0,4.0,4.0,2.0,0.0,0.0,0.0,0.0,147.0,0.0,0.0,3.0,2007.0,5.0,2.0,218729.5
60.0,2.0,65.0,8158.0,1.0,3.0,3.0,4.0,0.0,4.0,2.0,0.0,0.0,5.0,7.0,5.0,2003.0,2003.0,1.0,0.0,9.0,11.0,1.0,252.0,2.0,3.0,2.0,2.0,2.0,3.0,2.0,550.0,5.0,0.0,334.0,884.0,0.0,0.0,1.0,3.0,884.0,884.0,0.0,1768.0,1.0,0.0,2.0,1.0,3.0,1.0,2.0,8.0,5.0,0.0,1.0,2003.0,1.0,2.0,543.0,4.0,4.0,2.0,0.0,63.0,0.0,0.0,0.0,0.0,0.0,7.0,2008.0,5.0,2.0,219941.22
20.0,2.0,78.0,10335.0,1.0,0.0,3.0,4.0,0.0,4.0,2.0,0.0,0.0,2.0,7.0,5.0,1999.0,1999.0,1.0,0.0,9.0,11.0,1.0,183.0,2.0,3.0,2.0,2.0,2.0,1.0,2.0,679.0,5.0,0.0,811.0,1490.0,0.0,0.0,1.0,3.0,1501.0,0.0,0.0,1501.0,1.0,0.0,2.0,0.0,3.0,1.0,2.0,6.0,5.0,0.0,1.0,1999.0,1.0,2.0,577.0,4.0,4.0,2.0,144.0,29.0,0.0,0.0,0.0,0.0,0.0,6.0,2009.0,5.0,2.0,275200.6
20.0,2.0,61.0,10226.0,1.0,0.0,3.0,4.0,0.0,4.0,2.0,0.0,0.0,2.0,8.0,5.0,2008.0,2008.0,1.0,0.0,9.0,11.0,3.0,270.0,2.0,3.0,2.0,0.0,2.0,1.0,5.0,0.0,5.0,0.0,1622.0,1622.0,0.0,0.0,1.0,3.0,1630.0,0.0,0.0,1630.0,1.0,0.0,2.0,0.0,3.0,1.0,0.0,8.0,5.0,1.0,1.0,2008.0,1.0,3.0,860.0,4.0,4.0,2.0,172.0,42.0,0.0,0.0,0.0,0.0,0.0,1.0,2009.0,5.0,2.0,134630.84
20.0,2.0,65.0,8775.0,1.0,3.0,3.0,4.0,0.0,4.0,2.0,0.0,0.0,2.0,5.0,5.0,1994.0,1994.0,1.0,0.0,9.0,11.0,2.0,0.0,3.0,3.0,2.0,2.0,2.0,3.0,2.0,495.0,5.0,0.0,495.0,990.0,0.0,2.0,1.0,3.0,990.0,0.0,0.0,990.0,0.0,0.0,1.0,0.0,3.0,1.0,3.0,5.0,5.0,0.0,1.0,1996.0,2.0,1.0,299.0,4.0,4.0,2.0,0.0,64.0,0.0,0.0,0.0,0.0,0.0,4.0,2007.0,5.0,2.0,199904.6
60.0,2.0,76.0,9120.0,1.0,3.0,3.0,4.0,0.0,13.0,2.0,0.0,0.0,5.0,6.0,6.0,1974.0,1974.0,3.0,0.0,5.0,5.0,1.0,270.0,2.0,3.0,1.0,3.0,2.0,3.0,0.0,442.0,5.0,0.0,459.0,901.0,0.0,3.0,1.0,3.0,943.0,933.0,0.0,1876.0,0.0,0.0,2.0,1.0,4.0,1.0,2.0,8.0,5.0,1.0,1.0,1974.0,1.0,2.0,540.0,2.0,4.0,2.0,0.0,69.0,0.0,0.0,0.0,0.0,0.0,7.0,2008.0,5.0,2.0,360459.07
20.0,2.0,72.0,11846.0,1.0,0.0,1.0,4.0,0.0,15.0,2.0,0.0,0.0,2.0,9.0,5.0,2003.0,2004.0,3.0,0.0,9.0,11.0,1.0,562.0,2.0,3.0,2.0,0.0,2.0,1.0,2.0,1567.0,5.0,0.0,225.0,1792.0,0.0,0.0,1.0,3.0,1792.0,0.0,0.0,1792.0,1.0,0.0,2.0,0.0,2.0,1.0,0.0,6.0,5.0,1.0,1.0,2003.0,0.0,3.0,874.0,4.0,4.0,2.0,206.0,49.0,0.0,0.0,0.0,0.0,0.0,8.0,2006.0,5.0,2.0,241906.96
20.0,2.0,85.0,11049.0,1.0,3.0,3.0,0.0,0.0,4.0,2.0,0.0,0.0,2.0,8.0,5.0,2007.0,2007.0,1.0,0.0,9.0,11.0,2.0,0.0,2.0,3.0,2.0,0.0,2.0,0.0,5.0,0.0,5.0,0.0,1234.0,1234.0,0.0,0.0,1.0,3.0,1234.0,0.0,0.0,1234.0,0.0,0.0,2.0,0.0,3.0,1.0,2.0,7.0,5.0,0.0,1.0,2007.0,1.0,2.0,484.0,4.0,4.0,2.0,0.0,30.0,0.0,0.0,0.0,0.0,0.0,1.0,2008.0,5.0,2.0,111753.04
50.0,0.0,60.0,7500.0,1.0,3.0,3.0,4.0,0.0,8.0,2.0,0.0,0.0,0.0,4.0,4.0,1920.0,1950.0,1.0,0.0,6.0,7.0,2.0,0.0,3.0,2.0,1.0,3.0,2.0,3.0,5.0,0.0,5.0,0.0,698.0,698.0,0.0,3.0,1.0,0.0,698.0,430.0,0.0,1128.0,0.0,0.0,1.0,0.0,2.0,1.0,3.0,6.0,5.0,0.0,5.0,1980.0,1.0,2.0,528.0,4.0,4.0,2.0,30.0,0.0,164.0,0.0,0.0,0.0,0.0,4.0,2010.0,0.0,0.0,358444.91
20.0,2.0,85.0,14601.0,1.0,3.0,3.0,4.0,0.0,22.0,2.0,0.0,0.0,2.0,9.0,5.0,2006.0,2006.0,3.0,0.0,9.0,11.0,1.0,584.0,0.0,3.0,2.0,0.0,2.0,0.0,2.0,1260.0,5.0,0.0,578.0,1838.0,0.0,0.0,1.0,3.0,1838.0,0.0,0.0,1838.0,1.0,0.0,2.0,0.0,2.0,1.0,0.0,8.0,5.0,1.0,1.0,2006.0,0.0,3.0,765.0,4.0,4.0,2.0,270.0,68.0,0.0,0.0,0.0,0.0,0.0,3.0,2009.0,5.0,2.0,184522.07
60.0,2.0,68.0,8846.0,1.0,3.0,3.0,4.0,0.0,4.0,2.0,0.0,0.0,5.0,6.0,5.0,2005.0,2006.0,1.0,0.0,9.0,11.0,2.0,0.0,3.0,3.0,2.0,2.0,2.0,3.0,5.0,0.0,5.0,0.0,750.0,750.0,0.0,0.0,1.0,3.0,750.0,750.0,0.0,1500.0,0.0,0.0,2.0,1.0,3.0,1.0,2.0,6.0,5.0,0.0,1.0,2005.0,1.0,2.0,564.0,4.0,4.0,2.0,0.0,35.0,0.0,0.0,0.0,0.0,0.0,8.0,2006.0,4.0,3.0,119108.0
50.0,2.0,60.0,9060.0,1.0,3.0,3.0,4.0,0.0,6.0,2.0,0.0,0.0,0.0,6.0,5.0,1939.0,1950.0,1.0,0.0,11.0,13.0,2.0,0.0,3.0,3.0,0.0,3.0,2.0,2.0,4.0,204.0,5.0,0.0,356.0,560.0,0.0,3.0,1.0,3.0,698.0,560.0,0.0,1258.0,0.0,0.0,1.0,0.0,2.0,1.0,3.0,6.0,5.0,0.0,5.0,1939.0,2.0,1.0,280.0,4.0,4.0,1.0,0.0,0.0,0.0,0.0,0.0,0.0,0.0,10.0,2009.0,5.0,2.0,158239.1
80.0,2.0,66.4251012145749,11333.0,1.0,0.0,3.0,0.0,0.0,10.0,2.0,0.0,0.0,7.0,6.0,5.0,1976.0,1976.0,1.0,0.0,5.0,5.0,2.0,0.0,3.0,3.0,2.0,2.0,2.0,0.0,0.0,539.0,5.0,0.0,490.0,1029.0,0.0,3.0,1.0,3.0,1062.0,0.0,0.0,1062.0,1.0,0.0,1.0,0.0,3.0,1.0,3.0,5.0,5.0,2.0,1.0,1976.0,1.0,2.0,539.0,4.0,4.0,2.0,120.0,0.0,0.0,0.0,0.0,0.0,0.0,5.0,2007.0,5.0,2.0,103348.27
30.0,2.0,60.0,5400.0,1.0,3.0,3.0,0.0,0.0,16.0,2.0,0.0,0.0,2.0,5.0,6.0,1920.0,1950.0,1.0,0.0,10.0,12.0,2.0,0.0,3.0,3.0,0.0,1.0,2.0,3.0,5.0,0.0,5.0,0.0,691.0,691.0,0.0,0.0,1.0,0.0,691.0,0.0,0.0,691.0,0.0,0.0,1.0,0.0,2.0,1.0,0.0,4.0,5.0,0.0,5.0,1920.0,2.0,1.0,216.0,1.0,4.0,0.0,0.0,20.0,94.0,0.0,0.0,0.0,0.0,1.0,2007.0,5.0,0.0,133816.18
20.0,2.0,65.0,8450.0,1.0,3.0,3.0,4.0,0.0,11.0,2.0,0.0,0.0,2.0,5.0,6.0,1968.0,1968.0,1.0,0.0,9.0,11.0,2.0,0.0,3.0,3.0,1.0,3.0,2.0,3.0,1.0,775.0,5.0,0.0,281.0,1056.0,0.0,0.0,1.0,3.0,1056.0,0.0,0.0,1056.0,1.0,0.0,1.0,0.0,3.0,1.0,3.0,6.0,5.0,1.0,1.0,1968.0,2.0,1.0,304.0,4.0,4.0,2.0,0.0,85.0,184.0,0.0,0.0,0.0,0.0,7.0,2010.0,5.0,2.0,119839.8
30.0,3.0,60.0,8520.0,1.0,3.0,3.0,4.0,0.0,16.0,2.0,0.0,0.0,2.0,6.0,8.0,1928.0,2003.0,1.0,0.0,9.0,11.0,2.0,0.0,3.0,2.0,0.0,3.0,2.0,3.0,5.0,0.0,5.0,0.0,624.0,624.0,0.0,2.0,1.0,3.0,720.0,0.0,0.0,720.0,0.0,0.0,1.0,0.0,2.0,1.0,3.0,5.0,5.0,0.0,5.0,2005.0,2.0,2.0,484.0,4.0,4.0,2.0,106.0,0.0,0.0,0.0,0.0,0.0,0.0,5.0,2010.0,5.0,2.0,215441.4
20.0,2.0,137.0,16492.0,1.0,0.0,3.0,0.0,0.0,11.0,3.0,0.0,0.0,2.0,6.0,6.0,1966.0,2002.0,1.0,0.0,2.0,8.0,2.0,0.0,2.0,3.0,1.0,3.0,2.0,3.0,0.0,247.0,4.0,713.0,557.0,1517.0,0.0,0.0,1.0,3.0,1888.0,0.0,0.0,1888.0,0.0,0.0,2.0,1.0,2.0,1.0,2.0,6.0,4.0,1.0,1.0,1966.0,0.0,2.0,578.0,4.0,4.0,2.0,0.0,0.0,0.0,0.0,0.0,0.0,0.0,6.0,2010.0,5.0,2.0,180012.08
60.0,2.0,66.4251012145749,9636.0,1.0,0.0,3.0,0.0,0.0,7.0,2.0,0.0,0.0,5.0,6.0,5.0,1992.0,1993.0,1.0,0.0,9.0,11.0,2.0,0.0,3.0,3.0,2.0,2.0,2.0,3.0,5.0,0.0,5.0,0.0,808.0,808.0,0.0,2.0,1.0,3.0,808.0,785.0,0.0,1593.0,0.0,0.0,2.0,1.0,3.0,1.0,3.0,7.0,5.0,1.0,3.0,1993.0,1.0,2.0,389.0,4.0,4.0,2.0,342.0,40.0,0.0,0.0,0.0,0.0,0.0,12.0,2009.0,5.0,2.0,164935.37
80.0,2.0,96.0,11777.0,1.0,0.0,3.0,4.0,0.0,18.0,2.0,0.0,0.0,7.0,5.0,6.0,1966.0,1966.0,1.0,0.0,9.0,11.0,1.0,97.0,3.0,3.0,1.0,3.0,2.0,0.0,3.0,328.0,0.0,551.0,285.0,1164.0,0.0,0.0,1.0,3.0,1320.0,0.0,0.0,1320.0,1.0,0.0,1.0,0.0,3.0,1.0,3.0,6.0,5.0,2.0,1.0,1966.0,1.0,2.0,564.0,4.0,4.0,2.0,160.0,68.0,240.0,0.0,0.0,0.0,0.0,5.0,2006.0,5.0,0.0,266378.42
20.0,2.0,93.0,11160.0,1.0,3.0,3.0,0.0,0.0,11.0,2.0,0.0,0.0,2.0,7.0,5.0,1968.0,1968.0,3.0,0.0,2.0,2.0,2.0,0.0,2.0,3.0,1.0,3.0,2.0,3.0,0.0,1065.0,5.0,0.0,1045.0,2110.0,0.0,0.0,1.0,3.0,2110.0,0.0,0.0,2110.0,1.0,0.0,2.0,1.0,3.0,1.0,0.0,8.0,5.0,2.0,1.0,1968.0,0.0,2.0,522.0,4.0,4.0,2.0,0.0,0.0,0.0,0.0,0.0,0.0,0.0,4.0,2010.0,5.0,2.0,195980.63
60.0,2.0,64.0,8633.0,1.0,3.0,3.0,2.0,0.0,4.0,2.0,0.0,0.0,5.0,6.0,5.0,2005.0,2005.0,1.0,0.0,9.0,11.0,2.0,0.0,2.0,3.0,2.0,2.0,2.0,3.0,2.0,193.0,5.0,0.0,545.0,738.0,0.0,0.0,1.0,3.0,738.0,738.0,0.0,1476.0,1.0,0.0,2.0,1.0,3.0,1.0,2.0,7.0,5.0,0.0,1.0,2005.0,0.0,2.0,540.0,4.0,4.0,2.0,100.0,35.0,0.0,0.0,0.0,0.0,0.0,2.0,2009.0,5.0,2.0,217210.47
20.0,2.0,73.0,11883.0,1.0,3.0,3.0,4.0,0.0,4.0,2.0,0.0,0.0,2.0,7.0,5.0,1996.0,1996.0,3.0,0.0,9.0,11.0,1.0,196.0,2.0,3.0,2.0,2.0,2.0,1.0,2.0,690.0,5.0,0.0,814.0,1504.0,0.0,0.0,1.0,3.0,1504.0,0.0,0.0,1504.0,1.0,0.0,2.0,0.0,3.0,1.0,2.0,6.0,5.0,1.0,1.0,1996.0,0.0,2.0,478.0,4.0,4.0,2.0,115.0,66.0,0.0,0.0,0.0,0.0,0.0,6.0,2009.0,5.0,2.0,146935.97
90.0,2.0,78.0,10530.0,1.0,3.0,3.0,4.0,0.0,10.0,2.0,0.0,2.0,6.0,6.0,5.0,1977.0,1977.0,1.0,0.0,7.0,6.0,1.0,90.0,3.0,3.0,1.0,2.0,2.0,1.0,2.0,975.0,5.0,0.0,0.0,975.0,0.0,3.0,1.0,3.0,1004.0,0.0,0.0,1004.0,1.0,0.0,1.0,0.0,2.0,1.0,3.0,4.0,5.0,0.0,1.0,1977.0,2.0,2.0,504.0,4.0,4.0,2.0,0.0,0.0,0.0,0.0,0.0,0.0,0.0,5.0,2006.0,5.0,2.0,311461.89
50.0,2.0,66.4251012145749,14100.0,1.0,0.0,3.0,4.0,1.0,5.0,2.0,0.0,0.0,0.0,8.0,9.0,1935.0,1997.0,1.0,0.0,8.0,10.0,1.0,632.0,3.0,2.0,1.0,3.0,2.0,2.0,4.0,192.0,5.0,0.0,536.0,728.0,0.0,0.0,1.0,3.0,1968.0,1479.0,0.0,3447.0,0.0,0.0,3.0,1.0,4.0,1.0,2.0,11.0,5.0,2.0,3.0,1982.0,2.0,3.0,1014.0,4.0,4.0,2.0,314.0,12.0,0.0,0.0,0.0,0.0,0.0,5.0,2008.0,5.0,2.0,84532.33
190.0,2.0,60.0,12180.0,1.0,3.0,3.0,4.0,0.0,6.0,2.0,0.0,1.0,0.0,4.0,4.0,1941.0,1950.0,1.0,0.0,6.0,7.0,2.0,0.0,3.0,1.0,0.0,2.0,2.0,3.0,1.0,348.0,5.0,0.0,324.0,672.0,2.0,1.0,0.0,0.0,672.0,252.0,0.0,924.0,1.0,0.0,1.0,0.0,2.0,1.0,1.0,5.0,5.0,0.0,5.0,1941.0,2.0,1.0,280.0,4.0,4.0,2.0,0.0,0.0,0.0,0.0,0.0,0.0,0.0,7.0,2010.0,5.0,2.0,144176.52
20.0,2.0,80.0,9600.0,1.0,3.0,3.0,4.0,0.0,11.0,2.0,0.0,0.0,2.0,5.0,7.0,1950.0,2007.0,1.0,0.0,6.0,7.0,2.0,0.0,2.0,3.0,1.0,3.0,2.0,3.0,0.0,607.0,5.0,0.0,506.0,1113.0,0.0,2.0,1.0,3.0,1113.0,0.0,0.0,1113.0,0.0,0.0,1.0,0.0,3.0,1.0,2.0,5.0,5.0,1.0,1.0,1950.0,2.0,1.0,264.0,4.0,4.0,2.0,0.0,80.0,120.0,0.0,0.0,0.0,0.0,7.0,2009.0,5.0,2.0,261350.4
20.0,2.0,66.4251012145749,6853.0,1.0,0.0,3.0,4.0,0.0,22.0,2.0,0.0,0.0,2.0,8.0,5.0,2001.0,2002.0,1.0,0.0,9.0,11.0,1.0,136.0,2.0,3.0,2.0,0.0,2.0,3.0,2.0,1005.0,5.0,0.0,262.0,1267.0,0.0,0.0,1.0,3.0,1296.0,0.0,0.0,1296.0,1.0,0.0,2.0,0.0,2.0,1.0,2.0,6.0,5.0,0.0,1.0,2001.0,0.0,2.0,471.0,4.0,4.0,2.0,192.0,25.0,0.0,0.0,0.0,0.0,0.0,6.0,2009.0,5.0,2.0,200015.89
20.0,2.0,50.0,8049.0,1.0,0.0,3.0,1.0,0.0,22.0,2.0,0.0,0.0,2.0,7.0,5.0,1990.0,1990.0,3.0,0.0,5.0,5.0,1.0,54.0,3.0,3.0,1.0,2.0,2.0,3.0,0.0,1053.0,5.0,0.0,256.0,1309.0,0.0,3.0,1.0,3.0,1339.0,0.0,0.0,1339.0,1.0,0.0,2.0,0.0,2.0,1.0,3.0,6.0,5.0,1.0,1.0,1990.0,0.0,2.0,484.0,2.0,2.0,2.0,0.0,58.0,0.0,0.0,90.0,0.0,0.0,7.0,2006.0,5.0,2.0,283582.23
60.0,2.0,42.0,26178.0,1.0,0.0,3.0,4.0,1.0,22.0,2.0,0.0,0.0,5.0,7.0,5.0,1989.0,1990.0,3.0,0.0,6.0,7.0,1.0,293.0,2.0,3.0,2.0,2.0,2.0,1.0,2.0,965.0,5.0,0.0,245.0,1210.0,0.0,0.0,1.0,3.0,1238.0,1281.0,0.0,2519.0,1.0,0.0,2.0,1.0,4.0,1.0,2.0,9.0,5.0,2.0,1.0,1989.0,1.0,2.0,628.0,4.0,4.0,2.0,320.0,27.0,0.0,0.0,0.0,0.0,0.0,4.0,2006.0,5.0,2.0,142911.81
80.0,2.0,85.0,13825.0,1.0,3.0,3.0,4.0,0.0,18.0,2.0,0.0,0.0,7.0,5.0,6.0,1958.0,1987.0,1.0,0.0,6.0,7.0,2.0,0.0,3.0,2.0,1.0,3.0,2.0,3.0,5.0,0.0,5.0,0.0,533.0,533.0,0.0,3.0,1.0,3.0,1021.0,580.0,0.0,1601.0,0.0,1.0,1.0,0.0,3.0,1.0,3.0,6.0,3.0,0.0,3.0,1958.0,1.0,1.0,300.0,4.0,4.0,2.0,280.0,34.0,0.0,0.0,0.0,0.0,0.0,12.0,2008.0,5.0,2.0,150516.64
70.0,2.0,63.0,15576.0,1.0,3.0,3.0,4.0,0.0,5.0,2.0,0.0,0.0,5.0,6.0,7.0,1915.0,1976.0,1.0,0.0,10.0,8.0,2.0,0.0,3.0,3.0,0.0,2.0,2.0,3.0,5.0,0.0,5.0,0.0,840.0,840.0,0.0,0.0,1.0,3.0,840.0,840.0,0.0,1680.0,0.0,0.0,2.0,0.0,4.0,1.0,3.0,8.0,5.0,0.0,1.0,1960.0,2.0,1.0,308.0,4.0,4.0,2.0,0.0,0.0,160.0,0.0,0.0,0.0,0.0,3.0,2008.0,5.0,2.0,148091.75
20.0,2.0,66.4251012145749,36500.0,1.0,0.0,2.0,4.0,1.0,3.0,2.0,0.0,0.0,2.0,5.0,5.0,1964.0,1964.0,1.0,0.0,10.0,12.0,0.0,621.0,3.0,2.0,1.0,3.0,2.0,0.0,4.0,812.0,5.0,0.0,812.0,1624.0,0.0,1.0,1.0,3.0,1582.0,0.0,0.0,1582.0,0.0,1.0,2.0,0.0,4.0,1.0,3.0,7.0,5.0,0.0,1.0,1964.0,2.0,2.0,390.0,4.0,4.0,0.0,168.0,198.0,0.0,0.0,0.0,0.0,0.0,6.0,2006.0,5.0,2.0,228460.55
60.0,1.0,100.0,12552.0,1.0,3.0,3.0,0.0,0.0,20.0,2.0,0.0,0.0,5.0,7.0,5.0,2004.0,2005.0,1.0,0.0,9.0,11.0,2.0,0.0,2.0,3.0,2.0,2.0,2.0,3.0,2.0,222.0,5.0,0.0,769.0,991.0,0.0,0.0,1.0,3.0,991.0,956.0,0.0,1947.0,0.0,0.0,2.0,1.0,3.0,1.0,2.0,8.0,5.0,1.0,1.0,2004.0,1.0,2.0,678.0,4.0,4.0,2.0,0.0,136.0,0.0,0.0,0.0,0.0,0.0,5.0,2010.0,5.0,2.0,153713.21
50.0,2.0,52.0,6292.0,1.0,3.0,3.0,4.0,0.0,17.0,2.0,0.0,0.0,0.0,7.0,7.0,1928.0,1950.0,1.0,0.0,10.0,12.0,2.0,0.0,3.0,3.0,0.0,3.0,2.0,3.0,5.0,0.0,5.0,0.0,861.0,861.0,0.0,2.0,1.0,3.0,877.0,600.0,0.0,1477.0,0.0,1.0,2.0,0.0,3.0,1.0,3.0,6.0,5.0,1.0,5.0,1928.0,2.0,1.0,216.0,4.0,4.0,2.0,0.0,50.0,0.0,0.0,0.0,0.0,0.0,8.0,2009.0,5.0,2.0,103387.3
30.0,3.0,60.0,7200.0,1.0,3.0,3.0,4.0,0.0,16.0,2.0,0.0,0.0,2.0,5.0,4.0,1910.0,2006.0,3.0,0.0,6.0,10.0,2.0,0.0,3.0,3.0,0.0,3.0,2.0,3.0,0.0,247.0,4.0,465.0,310.0,1022.0,1.0,3.0,0.0,3.0,1022.0,0.0,0.0,1022.0,1.0,0.0,1.0,0.0,2.0,1.0,3.0,4.0,1.0,0.0,5.0,1956.0,2.0,1.0,280.0,4.0,4.0,2.0,0.0,30.0,226.0,0.0,0.0,0.0,0.0,6.0,2009.0,5.0,2.0,112070.87
160.0,3.0,21.0,1680.0,1.0,3.0,3.0,4.0,0.0,1.0,2.0,0.0,3.0,5.0,5.0,5.0,1971.0,1971.0,1.0,0.0,5.0,5.0,1.0,142.0,3.0,3.0,1.0,3.0,2.0,3.0,5.0,0.0,5.0,0.0,630.0,630.0,0.0,3.0,1.0,3.0,630.0,672.0,0.0,1302.0,0.0,0.0,2.0,1.0,3.0,1.0,3.0,6.0,5.0,0.0,5.0,1991.0,2.0,1.0,280.0,4.0,4.0,2.0,0.0,0.0,0.0,0.0,0.0,0.0,0.0,5.0,2009.0,0.0,0.0,209535.46
60.0,2.0,65.0,15426.0,1.0,0.0,3.0,4.0,0.0,4.0,2.0,0.0,0.0,5.0,6.0,5.0,1997.0,1997.0,1.0,0.0,9.0,11.0,2.0,0.0,3.0,3.0,2.0,2.0,2.0,3.0,2.0,821.0,5.0,0.0,107.0,928.0,0.0,0.0,1.0,3.0,928.0,836.0,0.0,1764.0,1.0,0.0,2.0,1.0,3.0,1.0,2.0,7.0,5.0,0.0,1.0,1997.0,1.0,2.0,470.0,4.0,4.0,2.0,276.0,99.0,0.0,0.0,0.0,0.0,0.0,8.0,2009.0,5.0,2.0,126366.43
50.0,3.0,85.0,8500.0,1.0,3.0,3.0,0.0,0.0,8.0,0.0,0.0,0.0,0.0,5.0,7.0,1919.0,2005.0,1.0,0.0,4.0,4.0,2.0,0.0,3.0,3.0,1.0,3.0,2.0,3.0,5.0,0.0,5.0,0.0,793.0,793.0,1.0,3.0,0.0,1.0,997.0,520.0,0.0,1517.0,0.0,0.0,2.0,0.0,3.0,1.0,1.0,7.0,5.0,0.0,1.0,1979.76,2.0,0.0,0.0,4.0,4.0,0.0,0.0,0.0,144.0,0.0,0.0,0.0,0.0,8.0,2007.0,5.0,2.0,389532.2
20.0,2.0,83.0,10159.0,1.0,0.0,3.0,4.0,0.0,15.0,2.0,0.0,0.0,2.0,9.0,5.0,2009.0,2010.0,3.0,0.0,9.0,11.0,3.0,450.0,0.0,3.0,2.0,0.0,2.0,0.0,2.0,1646.0,5.0,0.0,284.0,1930.0,0.0,0.0,1.0,3.0,1940.0,0.0,0.0,1940.0,1.0,0.0,2.0,1.0,3.0,1.0,0.0,8.0,5.0,1.0,1.0,2010.0,0.0,3.0,606.0,4.0,4.0,2.0,168.0,95.0,0.0,0.0,0.0,0.0,0.0,4.0,2010.0,4.0,3.0,187748.9
20.0,2.0,85.0,11900.0,1.0,3.0,3.0,4.0,0.0,13.0,2.0,0.0,0.0,2.0,7.0,5.0,1977.0,1977.0,3.0,0.0,7.0,8.0,1.0,209.0,3.0,2.0,1.0,3.0,2.0,3.0,0.0,822.0,5.0,0.0,564.0,1386.0,0.0,3.0,1.0,3.0,1411.0,0.0,0.0,1411.0,0.0,0.0,2.0,0.0,3.0,1.0,3.0,6.0,5.0,1.0,1.0,1977.0,0.0,2.0,544.0,4.0,4.0,2.0,192.0,0.0,0.0,0.0,0.0,0.0,0.0,4.0,2009.0,5.0,1.0,117620.29
20.0,2.0,66.0,7800.0,1.0,0.0,3.0,4.0,0.0,11.0,2.0,0.0,0.0,2.0,5.0,5.0,1964.0,1964.0,1.0,0.0,10.0,12.0,2.0,0.0,3.0,3.0,1.0,3.0,2.0,3.0,4.0,312.0,3.0,600.0,0.0,912.0,0.0,3.0,1.0,3.0,912.0,0.0,0.0,912.0,0.0,0.0,1.0,0.0,2.0,1.0,3.0,5.0,5.0,0.0,1.0,1964.0,2.0,1.0,288.0,4.0,4.0,2.0,0.0,0.0,0.0,0.0,0.0,0.0,0.0,11.0,2006.0,5.0,0.0,189822.43
60.0,2.0,60.0,21930.0,1.0,2.0,3.0,4.0,0.0,7.0,6.0,0.0,0.0,5.0,5.0,5.0,2005.0,2005.0,1.0,0.0,9.0,11.0,2.0,0.0,2.0,3.0,2.0,2.0,1.0,0.0,5.0,0.0,5.0,0.0,732.0,732.0,0.0,0.0,1.0,3.0,734.0,1104.0,0.0,1838.0,0.0,0.0,2.0,1.0,4.0,1.0,3.0,7.0,5.0,1.0,3.0,2005.0,0.0,2.0,372.0,4.0,4.0,2.0,100.0,40.0,0.0,0.0,0.0,0.0,0.0,7.0,2006.0,5.0,2.0,182297.0
60.0,2.0,66.4251012145749,18800.0,1.0,0.0,3.0,2.0,0.0,13.0,2.0,0.0,0.0,5.0,6.0,5.0,1976.0,1976.0,1.0,0.0,5.0,5.0,1.0,120.0,3.0,3.0,2.0,2.0,2.0,2.0,2.0,712.0,5.0,0.0,84.0,796.0,0.0,3.0,1.0,3.0,790.0,784.0,0.0,1574.0,1.0,0.0,2.0,1.0,3.0,1.0,3.0,6.0,5.0,1.0,1.0,1976.0,0.0,2.0,566.0,4.0,4.0,2.0,306.0,111.0,0.0,0.0,0.0,0.0,0.0,7.0,2006.0,5.0,2.0,110195.4
30.0,3.0,50.0,5784.0,1.0,3.0,3.0,4.0,0.0,16.0,0.0,0.0,0.0,2.0,5.0,8.0,1938.0,1996.0,1.0,0.0,6.0,7.0,2.0,0.0,3.0,3.0,0.0,1.0,2.0,3.0,5.0,0.0,5.0,0.0,190.0,190.0,0.0,2.0,1.0,0.0,886.0,0.0,0.0,886.0,0.0,0.0,1.0,0.0,2.0,1.0,3.0,4.0,5.0,0.0,1.0,1938.0,2.0,1.0,273.0,4.0,4.0,2.0,144.0,20.0,80.0,0.0,0.0,0.0,0.0,12.0,2009.0,5.0,2.0,151762.8
40.0,3.0,40.0,5400.0,1.0,3.0,3.0,0.0,0.0,16.0,2.0,0.0,0.0,2.0,6.0,7.0,1926.0,2004.0,1.0,0.0,6.0,7.0,2.0,0.0,3.0,2.0,0.0,3.0,2.0,2.0,3.0,370.0,5.0,0.0,779.0,1149.0,0.0,2.0,1.0,0.0,1149.0,467.0,0.0,1616.0,0.0,0.0,2.0,0.0,3.0,1.0,2.0,5.0,5.0,0.0,5.0,1926.0,2.0,1.0,216.0,4.0,4.0,2.0,0.0,0.0,183.0,0.0,0.0,0.0,0.0,10.0,2007.0,5.0,2.0,211583.7
20.0,2.0,48.0,12137.0,1.0,1.0,3.0,1.0,0.0,4.0,2.0,0.0,0.0,2.0,7.0,5.0,1998.0,1998.0,1.0,0.0,9.0,11.0,1.0,442.0,3.0,3.0,2.0,2.0,2.0,3.0,5.0,0.0,5.0,0.0,1649.0,1649.0,0.0,0.0,1.0,3.0,1661.0,0.0,0.0,1661.0,0.0,0.0,2.0,0.0,3.0,1.0,2.0,6.0,5.0,0.0,1.0,1998.0,1.0,2.0,598.0,4.0,4.0,2.0,0.0,34.0,0.0,0.0,0.0,0.0,0.0,5.0,2010.0,5.0,2.0,178911.65
160.0,1.0,66.4251012145749,2117.0,1.0,3.0,3.0,4.0,0.0,20.0,2.0,0.0,3.0,5.0,6.0,5.0,2000.0,2000.0,1.0,0.0,6.0,7.0,1.0,456.0,2.0,3.0,2.0,2.0,2.0,3.0,2.0,436.0,5.0,0.0,320.0,756.0,0.0,0.0,1.0,3.0,769.0,756.0,0.0,1525.0,0.0,0.0,2.0,1.0,3.0,1.0,2.0,5.0,5.0,1.0,5.0,2000.0,2.0,2.0,440.0,4.0,4.0,2.0,0.0,0.0,0.0,0.0,0.0,0.0,0.0,6.0,2007.0,5.0,2.0,106419.36
30.0,3.0,60.0,10800.0,1.0,3.0,3.0,4.0,0.0,16.0,2.0,0.0,0.0,2.0,4.0,7.0,1885.0,1995.0,4.0,0.0,9.0,11.0,2.0,0.0,3.0,3.0,0.0,1.0,2.0,3.0,5.0,0.0,5.0,0.0,641.0,641.0,0.0,2.0,1.0,3.0,1047.0,0.0,0.0,1047.0,0.0,0.0,1.0,0.0,2.0,1.0,3.0,6.0,5.0,0.0,5.0,1954.0,2.0,1.0,273.0,1.0,1.0,0.0,0.0,0.0,0.0,0.0,0.0,0.0,450.0,8.0,2007.0,5.0,2.0,171527.8
20.0,2.0,48.0,17043.0,1.0,0.0,3.0,1.0,0.0,13.0,2.0,0.0,0.0,2.0,6.0,5.0,1979.0,1998.0,1.0,0.0,5.0,5.0,2.0,0.0,3.0,2.0,1.0,2.0,0.0,3.0,5.0,0.0,5.0,0.0,1362.0,1362.0,0.0,3.0,1.0,3.0,1586.0,0.0,0.0,1586.0,0.0,0.0,2.0,0.0,3.0,1.0,3.0,7.0,5.0,1.0,1.0,1979.0,2.0,2.0,435.0,4.0,4.0,2.0,192.0,0.0,0.0,0.0,0.0,0.0,0.0,1.0,2009.0,5.0,2.0,260487.98
20.0,1.0,72.0,8640.0,1.0,3.0,3.0,4.0,0.0,20.0,2.0,0.0,0.0,2.0,8.0,5.0,2009.0,2009.0,1.0,0.0,4.0,4.0,3.0,72.0,2.0,3.0,2.0,2.0,2.0,2.0,2.0,936.0,5.0,0.0,364.0,1300.0,0.0,0.0,1.0,3.0,1314.0,0.0,0.0,1314.0,1.0,0.0,2.0,0.0,3.0,1.0,2.0,6.0,5.0,0.0,1.0,2009.0,1.0,2.0,552.0,4.0,4.0,2.0,135.0,112.0,0.0,0.0,0.0,0.0,0.0,9.0,2009.0,4.0,3.0,228841.15
60.0,2.0,75.0,9675.0,1.0,3.0,3.0,4.0,0.0,20.0,2.0,0.0,0.0,5.0,7.0,5.0,2005.0,2005.0,1.0,0.0,9.0,11.0,2.0,0.0,2.0,3.0,2.0,2.0,2.0,2.0,2.0,341.0,5.0,0.0,772.0,1113.0,0.0,0.0,1.0,3.0,1113.0,858.0,0.0,1971.0,0.0,0.0,2.0,1.0,3.0,1.0,2.0,8.0,5.0,1.0,1.0,2005.0,1.0,2.0,689.0,4.0,4.0,2.0,0.0,48.0,0.0,0.0,0.0,0.0,0.0,2.0,2009.0,5.0,2.0,156240.34
50.0,2.0,80.0,17120.0,1.0,3.0,3.0,4.0,0.0,3.0,1.0,0.0,0.0,0.0,4.0,4.0,1959.0,1959.0,1.0,0.0,11.0,8.0,2.0,0.0,3.0,3.0,1.0,3.0,2.0,3.0,2.0,0.0,5.0,0.0,0.0,0.0,0.0,3.0,1.0,3.0,1120.0,468.0,0.0,1588.0,0.0,0.0,2.0,0.0,4.0,1.0,3.0,7.0,3.0,1.0,5.0,1991.0,0.0,2.0,680.0,4.0,4.0,0.0,0.0,59.0,0.0,0.0,0.0,0.0,0.0,7.0,2008.0,5.0,2.0,136197.34
20.0,2.0,70.0,7945.0,1.0,3.0,3.0,4.0,0.0,11.0,2.0,0.0,0.0,2.0,5.0,6.0,1959.0,1959.0,1.0,0.0,2.0,12.0,2.0,0.0,3.0,3.0,1.0,3.0,2.0,3.0,0.0,179.0,1.0,506.0,465.0,1150.0,0.0,0.0,1.0,0.0,1150.0,0.0,0.0,1150.0,1.0,0.0,1.0,0.0,3.0,1.0,3.0,6.0,5.0,0.0,1.0,1959.0,1.0,1.0,300.0,4.0,4.0,2.0,0.0,0.0,0.0,0.0,0.0,0.0,0.0,5.0,2006.0,5.0,2.0,353475.28
20.0,2.0,96.0,12456.0,1.0,3.0,3.0,2.0,0.0,15.0,2.0,0.0,0.0,2.0,10.0,5.0,2006.0,2007.0,3.0,0.0,4.0,4.0,3.0,230.0,0.0,3.0,2.0,0.0,2.0,1.0,2.0,1172.0,5.0,0.0,528.0,1700.0,0.0,0.0,1.0,3.0,1718.0,0.0,0.0,1718.0,1.0,0.0,2.0,0.0,3.0,1.0,0.0,7.0,5.0,1.0,1.0,2008.0,0.0,3.0,786.0,4.0,4.0,2.0,216.0,48.0,0.0,0.0,0.0,0.0,0.0,7.0,2009.0,5.0,2.0,255795.63
20.0,2.0,150.0,215245.0,1.0,2.0,2.0,4.0,2.0,22.0,2.0,0.0,0.0,2.0,7.0,5.0,1965.0,1965.0,3.0,0.0,2.0,2.0,2.0,0.0,3.0,3.0,1.0,2.0,2.0,1.0,0.0,1236.0,4.0,820.0,80.0,2136.0,1.0,3.0,1.0,3.0,2036.0,0.0,0.0,2036.0,2.0,0.0,2.0,0.0,3.0,1.0,3.0,8.0,5.0,2.0,1.0,1965.0,1.0,2.0,513.0,4.0,4.0,2.0,0.0,0.0,0.0,0.0,0.0,0.0,0.0,6.0,2009.0,5.0,2.0,289501.91
20.0,2.0,85.0,14536.0,1.0,3.0,3.0,4.0,0.0,22.0,2.0,0.0,0.0,2.0,8.0,5.0,2002.0,2003.0,3.0,0.0,9.0,11.0,1.0,236.0,2.0,3.0,2.0,2.0,2.0,0.0,2.0,1300.0,5.0,0.0,316.0,1616.0,0.0,0.0,1.0,3.0,1629.0,0.0,0.0,1629.0,1.0,0.0,2.0,0.0,3.0,1.0,2.0,9.0,5.0,1.0,1.0,2002.0,0.0,3.0,808.0,4.0,4.0,2.0,0.0,252.0,0.0,0.0,0.0,0.0,0.0,11.0,2007.0,5.0,2.0,220393.6
20.0,2.0,65.0,8450.0,1.0,3.0,3.0,4.0,0.0,4.0,2.0,0.0,0.0,2.0,7.0,5.0,2004.0,2004.0,1.0,0.0,9.0,11.0,1.0,266.0,2.0,3.0,2.0,2.0,2.0,2.0,2.0,946.0,5.0,0.0,490.0,1436.0,0.0,0.0,1.0,3.0,1436.0,0.0,0.0,1436.0,1.0,0.0,2.0,0.0,3.0,1.0,2.0,8.0,5.0,0.0,1.0,2004.0,2.0,2.0,484.0,4.0,4.0,2.0,139.0,98.0,0.0,0.0,0.0,0.0,0.0,4.0,2008.0,5.0,2.0,177308.86
20.0,2.0,63.0,7875.0,1.0,3.0,3.0,4.0,0.0,7.0,2.0,0.0,0.0,2.0,7.0,5.0,1995.0,1996.0,1.0,0.0,5.0,5.0,1.0,38.0,3.0,3.0,2.0,2.0,1.0,3.0,5.0,0.0,5.0,0.0,1237.0,1237.0,0.0,2.0,1.0,3.0,1253.0,0.0,0.0,1253.0,0.0,0.0,2.0,0.0,3.0,1.0,3.0,6.0,5.0,1.0,1.0,1995.0,0.0,2.0,402.0,4.0,4.0,2.0,220.0,21.0,0.0,0.0,0.0,0.0,0.0,6.0,2007.0,5.0,2.0,148147.17
70.0,3.0,60.0,6600.0,1.0,3.0,3.0,0.0,0.0,16.0,2.0,0.0,0.0,5.0,5.0,4.0,1892.0,1965.0,1.0,0.0,10.0,12.0,2.0,0.0,3.0,3.0,4.0,3.0,2.0,3.0,5.0,0.0,5.0,0.0,994.0,994.0,0.0,3.0,0.0,3.0,1378.0,994.0,0.0,2372.0,0.0,0.0,2.0,0.0,4.0,2.0,3.0,11.0,3.0,0.0,1.0,1985.0,1.0,1.0,432.0,4.0,4.0,2.0,0.0,287.0,0.0,0.0,0.0,0.0,0.0,12.0,2009.0,5.0,2.0,192093.96
120.0,2.0,43.0,3182.0,1.0,3.0,3.0,4.0,0.0,0.0,2.0,0.0,4.0,2.0,7.0,5.0,2005.0,2006.0,1.0,0.0,9.0,11.0,1.0,16.0,2.0,3.0,2.0,2.0,2.0,3.0,2.0,16.0,5.0,0.0,1330.0,1346.0,0.0,0.0,1.0,3.0,1504.0,0.0,0.0,1504.0,0.0,0.0,2.0,0.0,1.0,1.0,2.0,7.0,5.0,1.0,1.0,2005.0,0.0,2.0,457.0,4.0,4.0,2.0,156.0,0.0,0.0,0.0,0.0,0.0,0.0,5.0,2009.0,5.0,2.0,420171.11
60.0,2.0,67.0,14948.0,1.0,0.0,3.0,4.0,0.0,15.0,2.0,0.0,0.0,5.0,9.0,5.0,2008.0,2008.0,3.0,0.0,9.0,11.0,3.0,268.0,0.0,3.0,2.0,0.0,2.0,0.0,2.0,1330.0,5.0,0.0,122.0,1452.0,0.0,0.0,1.0,3.0,1476.0,1237.0,0.0,2713.0,1.0,0.0,2.0,1.0,3.0,1.0,0.0,11.0,5.0,1.0,1.0,2008.0,0.0,3.0,858.0,4.0,4.0,2.0,126.0,66.0,0.0,0.0,0.0,0.0,0.0,11.0,2008.0,4.0,3.0,126335.52
20.0,2.0,66.4251012145749,9200.0,1.0,0.0,3.0,1.0,0.0,4.0,2.0,0.0,0.0,2.0,5.0,6.0,1975.0,1980.0,3.0,0.0,9.0,11.0,2.0,0.0,3.0,3.0,1.0,2.0,2.0,0.0,3.0,280.0,1.0,491.0,167.0,938.0,0.0,3.0,1.0,3.0,938.0,0.0,0.0,938.0,1.0,0.0,1.0,0.0,3.0,1.0,3.0,5.0,5.0,0.0,5.0,1977.0,2.0,1.0,308.0,4.0,4.0,2.0,145.0,0.0,0.0,0.0,0.0,0.0,0.0,7.0,2008.0,5.0,2.0,374960.28
20.0,1.0,85.0,9187.0,1.0,3.0,3.0,4.0,0.0,20.0,2.0,0.0,0.0,2.0,9.0,5.0,2009.0,2009.0,1.0,0.0,4.0,4.0,3.0,162.0,0.0,3.0,2.0,0.0,2.0,2.0,2.0,1121.0,5.0,0.0,645.0,1766.0,0.0,0.0,1.0,3.0,1766.0,0.0,0.0,1766.0,1.0,0.0,2.0,1.0,2.0,1.0,0.0,7.0,5.0,1.0,1.0,2009.0,0.0,3.0,478.0,4.0,4.0,2.0,195.0,130.0,0.0,0.0,0.0,0.0,0.0,10.0,2009.0,4.0,3.0,144752.75
20.0,2.0,66.0,12400.0,1.0,0.0,3.0,4.0,0.0,11.0,1.0,0.0,0.0,2.0,6.0,7.0,1958.0,1998.0,3.0,0.0,10.0,12.0,1.0,176.0,3.0,3.0,1.0,3.0,0.0,3.0,4.0,585.0,5.0,0.0,630.0,1215.0,0.0,3.0,1.0,0.0,1215.0,0.0,0.0,1215.0,0.0,0.0,1.0,0.0,3.0,1.0,3.0,6.0,5.0,0.0,1.0,1958.0,2.0,1.0,297.0,4.0,4.0,2.0,0.0,0.0,0.0,0.0,234.0,0.0,0.0,6.0,2009.0,5.0,2.0,308432.34
20.0,2.0,93.0,12085.0,1.0,3.0,3.0,4.0,0.0,15.0,2.0,0.0,0.0,2.0,8.0,5.0,2007.0,2007.0,3.0,0.0,9.0,11.0,3.0,328.0,2.0,3.0,2.0,0.0,2.0,3.0,2.0,1004.0,5.0,0.0,730.0,1734.0,0.0,0.0,1.0,3.0,1734.0,0.0,0.0,1734.0,1.0,0.0,2.0,0.0,3.0,1.0,0.0,7.0,5.0,1.0,1.0,2007.0,1.0,3.0,928.0,4.0,4.0,2.0,0.0,0.0,0.0,0.0,0.0,0.0,0.0,11.0,2007.0,4.0,3.0,155591.1
120.0,3.0,44.0,4224.0,1.0,3.0,3.0,4.0,0.0,9.0,2.0,0.0,4.0,2.0,5.0,5.0,1976.0,1976.0,1.0,0.0,4.0,4.0,2.0,0.0,3.0,3.0,2.0,2.0,2.0,3.0,0.0,874.0,5.0,0.0,268.0,1142.0,0.0,3.0,1.0,3.0,1142.0,0.0,0.0,1142.0,1.0,0.0,1.0,1.0,3.0,1.0,3.0,6.0,5.0,1.0,1.0,1976.0,0.0,2.0,528.0,4.0,4.0,2.0,536.0,90.0,0.0,0.0,0.0,0.0,0.0,8.0,2007.0,5.0,2.0,114983.38
20.0,2.0,69.0,7599.0,1.0,3.0,3.0,0.0,0.0,10.0,2.0,0.0,0.0,2.0,4.0,6.0,1982.0,2006.0,1.0,0.0,5.0,8.0,2.0,0.0,3.0,3.0,1.0,3.0,2.0,3.0,0.0,565.0,5.0,0.0,280.0,845.0,0.0,3.0,1.0,3.0,845.0,0.0,0.0,845.0,1.0,0.0,1.0,0.0,2.0,1.0,3.0,4.0,5.0,0.0,5.0,1987.0,2.0,2.0,360.0,4.0,4.0,2.0,0.0,0.0,0.0,0.0,0.0,0.0,0.0,6.0,2007.0,5.0,2.0,172733.5
20.0,2.0,100.0,10175.0,1.0,0.0,3.0,4.0,0.0,11.0,2.0,0.0,0.0,2.0,6.0,5.0,1964.0,1964.0,1.0,0.0,5.0,8.0,1.0,272.0,3.0,3.0,1.0,3.0,2.0,3.0,1.0,490.0,5.0,0.0,935.0,1425.0,0.0,2.0,1.0,3.0,1425.0,0.0,0.0,1425.0,0.0,0.0,2.0,0.0,3.0,1.0,3.0,7.0,5.0,1.0,1.0,1964.0,1.0,2.0,576.0,4.0,4.0,2.0,0.0,0.0,0.0,407.0,0.0,0.0,0.0,7.0,2008.0,5.0,2.0,248043.1
20.0,2.0,78.0,10206.0,1.0,3.0,3.0,4.0,0.0,20.0,2.0,0.0,0.0,2.0,8.0,5.0,2007.0,2007.0,1.0,0.0,9.0,11.0,3.0,468.0,3.0,3.0,2.0,2.0,2.0,3.0,2.0,33.0,5.0,0.0,1530.0,1563.0,0.0,0.0,1.0,3.0,1563.0,0.0,0.0,1563.0,0.0,0.0,2.0,0.0,3.0,1.0,2.0,6.0,5.0,1.0,1.0,2007.0,1.0,3.0,758.0,4.0,4.0,2.0,144.0,99.0,0.0,0.0,0.0,0.0,0.0,10.0,2008.0,5.0,2.0,138094.89
20.0,2.0,57.0,9245.0,1.0,1.0,3.0,4.0,0.0,4.0,2.0,0.0,0.0,2.0,5.0,5.0,1994.0,1995.0,1.0,0.0,9.0,11.0,2.0,0.0,3.0,3.0,2.0,2.0,2.0,3.0,2.0,686.0,5.0,0.0,304.0,990.0,0.0,0.0,1.0,3.0,990.0,0.0,0.0,990.0,0.0,1.0,1.0,0.0,3.0,1.0,3.0,5.0,5.0,0.0,5.0,1996.0,2.0,2.0,672.0,4.0,4.0,2.0,0.0,0.0,0.0,0.0,0.0,0.0,0.0,2.0,2008.0,5.0,2.0,156240.0
20.0,2.0,66.4251012145749,11241.0,1.0,0.0,3.0,1.0,0.0,11.0,2.0,0.0,0.0,2.0,6.0,7.0,1970.0,1970.0,1.0,0.0,10.0,12.0,1.0,180.0,3.0,3.0,1.0,3.0,2.0,3.0,0.0,578.0,5.0,0.0,426.0,1004.0,0.0,0.0,1.0,3.0,1004.0,0.0,0.0,1004.0,1.0,0.0,1.0,0.0,2.0,1.0,3.0,5.0,5.0,1.0,1.0,1970.0,0.0,2.0,480.0,4.0,4.0,2.0,0.0,0.0,0.0,0.0,0.0,0.0,700.0,3.0,2010.0,5.0,2.0,174961.0
50.0,3.0,50.0,5000.0,1.0,3.0,3.0,0.0,0.0,2.0,1.0,0.0,0.0,0.0,6.0,7.0,1947.0,1950.0,1.0,0.0,4.0,4.0,2.0,0.0,3.0,2.0,1.0,3.0,2.0,3.0,0.0,399.0,5.0,0.0,605.0,1004.0,0.0,0.0,1.0,3.0,1004.0,660.0,0.0,1664.0,0.0,0.0,2.0,0.0,3.0,1.0,3.0,7.0,5.0,2.0,5.0,1950.0,2.0,2.0,420.0,4.0,4.0,2.0,0.0,24.0,36.0,0.0,0.0,0.0,0.0,10.0,2006.0,5.0,2.0,108563.71
160.0,3.0,21.0,1953.0,1.0,3.0,3.0,4.0,0.0,1.0,2.0,0.0,3.0,5.0,6.0,5.0,1973.0,1973.0,1.0,0.0,5.0,5.0,1.0,408.0,3.0,3.0,1.0,3.0,0.0,3.0,1.0,309.0,5.0,0.0,174.0,483.0,0.0,3.0,1.0,3.0,483.0,504.0,0.0,987.0,0.0,0.0,1.0,1.0,2.0,1.0,3.0,5.0,5.0,0.0,5.0,1973.0,2.0,1.0,264.0,4.0,4.0,2.0,72.0,0.0,0.0,0.0,0.0,0.0,0.0,6.0,2006.0,5.0,2.0,
